[{"model": "main.newsletter", "pk": 2, "fields": {"file_obj": "newsletters/Centennial_Park_School_Newsletter_-_2016_-_Term_4.pdf", "year": 2016, "term": "Term 4"}}, {"model": "main.newsletter", "pk": 3, "fields": {"file_obj": "newsletters/Centennial_Park_School_Newsletter_-_2016_-_Term_3.pdf", "year": 2016, "term": "Term 3"}}, {"model": "main.newsletter", "pk": 4, "fields": {"file_obj": "newsletters/Centennial_Park_School_Newsletter_-_2016_-_Term_2.pdf", "year": 2016, "term": "Term 2"}}, {"model": "main.newsletter", "pk": 5, "fields": {"file_obj": "newsletters/Centennial_Park_School_Newsletter_-_2016_-_Term_1.pdf", "year": 2016, "term": "Term 1"}}, {"model": "main.newsletter", "pk": 6, "fields": {"file_obj": "newsletters/Centennial_Park_School_Newsletter_-_2015_-_Term_4.pdf", "year": 2015, "term": "Term 4"}}, {"model": "main.newsletter", "pk": 7, "fields": {"file_obj": "newsletters/Centennial_Park_School_Newsletter_-_2015_-_Term_2.pdf", "year": 2015, "term": "Term 2"}}, {"model": "main.newsletter", "pk": 8, "fields": {"file_obj": "newsletters/Centennial_Park_School_Newsletter_-_2015_-_Term_1.pdf", "year": 2015, "term": "Term 1"}}, {"model": "main.newsletter", "pk": 9, "fields": {"file_obj": "newsletters/Centennial_Park_School_Newsletter_-_2014_-_Term_4.pdf", "year": 2014, "term": "Term 4"}}, {"model": "main.newsletter", "pk": 10, "fields": {"file_obj": "newsletters/Centennial_Park_School_Newsletter_-_2014_-_Term_3.pdf", "year": 2014, "term": "Term 3"}}, {"model": "main.newsletter", "pk": 11, "fields": {"file_obj": "newsletters/Centennial_Park_School_Newsletter_-_2014_-_Term_2.pdf", "year": 2014, "term": "Term 2"}}, {"model": "main.asr", "pk": 1, "fields": {"file_obj": "ASR/CPS_Annual_School_Report_-_2016_2.2MB.pdf", "year": 2016}}, {"model": "main.asr", "pk": 2, "fields": {"file_obj": "ASR/CPS_Annual_School_Report_-_2015_0.50MB.pdf", "year": 2015}}, {"model": "main.asr", "pk": 3, "fields": {"file_obj": "ASR/CPS_Annual_School_Report_-_2014_1.00MB.pdf", "year": 2014}}, {"model": "main.asr", "pk": 4, "fields": {"file_obj": "ASR/CPS_Annual_School_Report_-_2013_1.52MB.pdf", "year": 2013}}, {"model": "main.asr", "pk": 5, "fields": {"file_obj": "ASR/CPS_Annual_School_Report_-_2012_1.03MB.pdf", "year": 2012}}, {"model": "main.asr", "pk": 6, "fields": {"file_obj": "ASR/CPS_Annual_School_Report_-_2011_0.81MB.pdf", "year": 2011}}, {"model": "main.asr", "pk": 7, "fields": {"file_obj": "ASR/CPS_Annual_School_Report_-_2010_0.52MB.pdf", "year": 2010}}, {"model": "main.event", "pk": 19, "fields": {"date": "2018-02-09", "title": "Swimming", "body": "@ Wiley Baths", "permission_slip": ""}}, {"model": "main.event", "pk": 20, "fields": {"date": "2018-04-07", "title": "REELise Film Festival 2018", "body": "ANNOUNCEMENT! Centennial Park School's short film TBH has been selected as a finalist to be screened at Bondi Junction Event Cinema's VMAX for the REELise Film Festival 2018!!  \r\nclick <a href=\"https://www.trybooking.com/book/sessions?eid=354616\">here</a> to book tickets", "permission_slip": ""}}, {"model": "main.subscriber", "pk": 9, "fields": {"email": "nigel@ltinvest.com.au"}}, {"model": "main.subscriber", "pk": 10, "fields": {"email": "jbs01@hotmail.com"}}, {"model": "main.subscriber", "pk": 11, "fields": {"email": "a19maggie@gmail.com"}}, {"model": "main.subscriber", "pk": 12, "fields": {"email": "keith.adamson@bigpond.com"}}, {"model": "main.subscriber", "pk": 13, "fields": {"email": "donnadoniger@bigpond.com"}}, {"model": "main.subscriber", "pk": 14, "fields": {"email": "nh@charitydeleiver.com"}}, {"model": "main.subscriber", "pk": 15, "fields": {"email": "leegaywood@outlook.com "}}, {"model": "gallery.gallery", "pk": 7, "fields": {"name": "Centennial Park School"}}, {"model": "gallery.gallery", "pk": 8, "fields": {"name": "Henny Penny Program"}}, {"model": "gallery.galleryimage", "pk": 11, "fields": {"gallery": 8, "caption": "", "image": "gallery/_MG_0691.JPG"}}, {"model": "gallery.galleryimage", "pk": 12, "fields": {"gallery": 8, "caption": "", "image": "gallery/IMG_1004.JPG"}}, {"model": "gallery.galleryimage", "pk": 13, "fields": {"gallery": 8, "caption": "", "image": "gallery/IMG_0700.JPG"}}, {"model": "staff.staffmembers", "pk": 20, "fields": {"name": "Annie", "role": "Art Therapist/Art Teacher", "title": "Teaching", "image": "", "blurb": "Annie has 3 distinct roles at Centennial.\r\n She works as an art therapist where students have individual sessions and are encouraged to express themselves using art materials in order to increase self-awareness, emotional regulation and self-reflection.\r\nAnnie works as an art teacher with all classes once a week. Students experience a variety of artmaking activities using varied materials and experimenting with different techniques. Students do painting, drawing, sculpture, sewing, printmaking and mosaics.\r\nAnnie is the Anti Racism Contact Officer for Centennial Park. This role has 3 parts, acknowledging   complaints, educational- building understanding of racism and monitoring any issues."}}, {"model": "staff.staffmembers", "pk": 21, "fields": {"name": "Luca", "role": "Teacher", "title": "Teaching", "image": "teacher_photo.jpg", "blurb": ""}}, {"model": "staff.staffmembers", "pk": 23, "fields": {"name": "Sam Scheding", "role": "SLSO/Technical Support", "title": "Non-Teaching", "image": "aPrbpyx.png", "blurb": "I have been working at Centennial Park School as an SLSO since 2010. My role is to assist in students' education as well as engage them in our many supplementary programs such as sport and technology.\r\n<br>\r\n<br>\r\nAs a Computer Science undergraduate, I also like to assist the school to provide any technology solutions I can. This includes building and maintaining this website as well as creating an interface for assessing students progress in our program so that we can provide the best support possible."}}, {"model": "tracking.student", "pk": 16, "fields": {"first_name": "Nick", "last_name": "McAnulty", "class_name": "C4", "year": 11, "enrolled": true}}, {"model": "tracking.student", "pk": 17, "fields": {"first_name": "Marcus", "last_name": "ten Brinke", "class_name": "C1", "year": 9, "enrolled": true}}, {"model": "tracking.student", "pk": 18, "fields": {"first_name": "Charli", "last_name": "Mandelik", "class_name": "C5", "year": 11, "enrolled": true}}, {"model": "tracking.student", "pk": 19, "fields": {"first_name": "Jade", "last_name": "Mihas ", "class_name": "C3", "year": 8, "enrolled": true}}, {"model": "tracking.student", "pk": 20, "fields": {"first_name": "Jackson ", "last_name": "Burgess ", "class_name": "C5", "year": 9, "enrolled": true}}, {"model": "tracking.student", "pk": 21, "fields": {"first_name": "Caitie ", "last_name": "Burgess ", "class_name": "C5", "year": 11, "enrolled": true}}, {"model": "tracking.student", "pk": 22, "fields": {"first_name": "Jesse", "last_name": "Newport ", "class_name": "C5", "year": 10, "enrolled": true}}, {"model": "tracking.student", "pk": 23, "fields": {"first_name": "Will ", "last_name": "Foster ", "class_name": "C5", "year": 10, "enrolled": true}}, {"model": "tracking.student", "pk": 24, "fields": {"first_name": "Lara", "last_name": "Franks-Sau", "class_name": "C1", "year": 10, "enrolled": true}}, {"model": "tracking.student", "pk": 25, "fields": {"first_name": "Emma", "last_name": "Dillon", "class_name": "C1", "year": 10, "enrolled": true}}, {"model": "tracking.student", "pk": 26, "fields": {"first_name": "Jake", "last_name": "Romondos", "class_name": "C1", "year": 10, "enrolled": true}}, {"model": "tracking.student", "pk": 27, "fields": {"first_name": "Skylar", "last_name": "James", "class_name": "C4", "year": 12, "enrolled": true}}, {"model": "tracking.student", "pk": 28, "fields": {"first_name": "Miguel ", "last_name": "Rodriguez ", "class_name": "C4", "year": 12, "enrolled": true}}, {"model": "tracking.student", "pk": 29, "fields": {"first_name": "Edwin ", "last_name": "Nakier ", "class_name": "C4", "year": 12, "enrolled": true}}, {"model": "tracking.student", "pk": 30, "fields": {"first_name": "Josh ", "last_name": "King Young ", "class_name": "C1", "year": 11, "enrolled": true}}, {"model": "tracking.student", "pk": 31, "fields": {"first_name": "Jayden", "last_name": "Martin ", "class_name": "C4", "year": 12, "enrolled": true}}, {"model": "tracking.student", "pk": 32, "fields": {"first_name": "Ruby ", "last_name": "Farquarson ", "class_name": "C4", "year": 11, "enrolled": true}}, {"model": "tracking.student", "pk": 33, "fields": {"first_name": "Tyler", "last_name": "Shaw", "class_name": "C1", "year": 11, "enrolled": true}}, {"model": "tracking.student", "pk": 34, "fields": {"first_name": "Gabe", "last_name": "Clews", "class_name": "C5", "year": 11, "enrolled": true}}, {"model": "tracking.student", "pk": 35, "fields": {"first_name": "Willow", "last_name": "Ross", "class_name": "C2", "year": 8, "enrolled": true}}, {"model": "tracking.student", "pk": 36, "fields": {"first_name": "Attila (Richie)", "last_name": "Keki", "class_name": "C2", "year": 9, "enrolled": true}}, {"model": "tracking.student", "pk": 37, "fields": {"first_name": "Samantha (Sammy)", "last_name": "Doniger", "class_name": "C2", "year": 7, "enrolled": true}}, {"model": "tracking.student", "pk": 38, "fields": {"first_name": "Tom", "last_name": "Zentner", "class_name": "C2", "year": 10, "enrolled": true}}, {"model": "tracking.student", "pk": 39, "fields": {"first_name": "Jackson", "last_name": "Burgess ", "class_name": "C5", "year": 9, "enrolled": true}}, {"model": "tracking.student", "pk": 40, "fields": {"first_name": "Alexandra", "last_name": "Zehtser", "class_name": "C1", "year": 10, "enrolled": true}}, {"model": "tracking.student", "pk": 41, "fields": {"first_name": "Alea", "last_name": "Murray", "class_name": "C1", "year": 9, "enrolled": true}}, {"model": "tracking.student", "pk": 42, "fields": {"first_name": "Abai", "last_name": "Bitunjac", "class_name": "C3", "year": 8, "enrolled": true}}, {"model": "tracking.behaviourtracking", "pk": 5, "fields": {"student": 16, "week": 9, "term": 4, "year": 2017, "b1": "Communicate Sincerely", "b2": "Accecpt Challenges", "monday_points": 100, "monday_attended": "monday_attended", "monday_arrived": null, "tuesday_points": 100, "tuesday_attended": "tuesday_attended", "tuesday_arrived": null, "wednesday_points": 100, "wednesday_attended": "wednesday_attended", "wednesday_arrived": null, "thursday_points": 100, "thursday_attended": "thursday_attended", "thursday_arrived": null, "friday_points": 100, "friday_attended": "friday_attended", "friday_arrived": null}}, {"model": "tracking.behaviourtracking", "pk": 6, "fields": {"student": 16, "week": 10, "term": 4, "year": 2017, "b1": "Communicate Sincerely", "b2": "Socialise with peers", "monday_points": 100, "monday_attended": "monday_attended", "monday_arrived": null, "tuesday_points": 100, "tuesday_attended": "tuesday_attended", "tuesday_arrived": null, "wednesday_points": 100, "wednesday_attended": "wednesday_attended", "wednesday_arrived": null, "thursday_points": 100, "thursday_attended": "thursday_attended", "thursday_arrived": null, "friday_points": 100, "friday_attended": "friday_attended", "friday_arrived": null}}, {"model": "tracking.behaviourtracking", "pk": 8, "fields": {"student": 18, "week": 10, "term": 4, "year": 2017, "b1": "Manage mood", "b2": "Accecpt Challenges", "monday_points": 100, "monday_attended": "monday_attended", "monday_arrived": null, "tuesday_points": 100, "tuesday_attended": "tuesday_attended", "tuesday_arrived": null, "wednesday_points": 100, "wednesday_attended": "wednesday_attended", "wednesday_arrived": null, "thursday_points": 100, "thursday_attended": "thursday_attended", "thursday_arrived": null, "friday_points": 100, "friday_attended": "friday_attended", "friday_arrived": null}}, {"model": "tracking.behaviourtracking", "pk": 19, "fields": {"student": 16, "week": 9, "term": 4, "year": 2017, "b1": "Communicate Sincerely", "b2": "Accept Challenges", "monday_points": 100, "monday_attended": "monday_attended", "monday_arrived": null, "tuesday_points": 100, "tuesday_attended": "tuesday_attended", "tuesday_arrived": null, "wednesday_points": 100, "wednesday_attended": "wednesday_attended", "wednesday_arrived": null, "thursday_points": 100, "thursday_attended": "thursday_attended", "thursday_arrived": null, "friday_points": 100, "friday_attended": "friday_attended", "friday_arrived": null}}, {"model": "tracking.behaviourtracking", "pk": 20, "fields": {"student": 25, "week": 9, "term": 4, "year": 2017, "b1": "Manage mood", "b2": "Accept Challenges", "monday_points": 100, "monday_attended": "monday_attended", "monday_arrived": null, "tuesday_points": 100, "tuesday_attended": "tuesday_attended", "tuesday_arrived": null, "wednesday_points": 100, "wednesday_attended": "wednesday_attended", "wednesday_arrived": null, "thursday_points": 100, "thursday_attended": "thursday_attended", "thursday_arrived": null, "friday_points": 100, "friday_attended": "friday_attended", "friday_arrived": null}}, {"model": "tracking.behaviourtracking", "pk": 21, "fields": {"student": 18, "week": 9, "term": 4, "year": 2017, "b1": "Manage mood", "b2": "Accept Challenges", "monday_points": 100, "monday_attended": "monday_attended", "monday_arrived": null, "tuesday_points": 100, "tuesday_attended": "tuesday_attended", "tuesday_arrived": null, "wednesday_points": 100, "wednesday_attended": "wednesday_attended", "wednesday_arrived": null, "thursday_points": 100, "thursday_attended": "thursday_attended", "thursday_arrived": null, "friday_points": 100, "friday_attended": "friday_attended", "friday_arrived": null}}, {"model": "tracking.behaviourtracking", "pk": 22, "fields": {"student": 21, "week": 9, "term": 4, "year": 2017, "b1": "Accept help and supervision from staff", "b2": "Communicate appropriately", "monday_points": 100, "monday_attended": "monday_attended", "monday_arrived": null, "tuesday_points": 100, "tuesday_attended": "tuesday_attended", "tuesday_arrived": null, "wednesday_points": 100, "wednesday_attended": "wednesday_attended", "wednesday_arrived": null, "thursday_points": 100, "thursday_attended": "thursday_attended", "thursday_arrived": null, "friday_points": 100, "friday_attended": "friday_attended", "friday_arrived": null}}, {"model": "tracking.behaviourtracking", "pk": 24, "fields": {"student": 25, "week": 10, "term": 4, "year": 2017, "b1": "Act Maturely", "b2": "Listen to and follow teachers' instructions", "monday_points": 100, "monday_attended": "monday_attended", "monday_arrived": null, "tuesday_points": 100, "tuesday_attended": "tuesday_attended", "tuesday_arrived": null, "wednesday_points": 100, "wednesday_attended": "wednesday_attended", "wednesday_arrived": null, "thursday_points": 100, "thursday_attended": "thursday_attended", "thursday_arrived": null, "friday_points": 100, "friday_attended": "friday_attended", "friday_arrived": null}}, {"model": "tracking.behaviourtracking", "pk": 44, "fields": {"student": 17, "week": 9, "term": 4, "year": 2017, "b1": "Follow teachers' instructions", "b2": "Communicate appropriately", "monday_points": 100, "monday_attended": "monday_attended", "monday_arrived": null, "tuesday_points": 100, "tuesday_attended": "tuesday_attended", "tuesday_arrived": null, "wednesday_points": 100, "wednesday_attended": "wednesday_attended", "wednesday_arrived": null, "thursday_points": 100, "thursday_attended": "thursday_attended", "thursday_arrived": null, "friday_points": 100, "friday_attended": "friday_attended", "friday_arrived": null}}, {"model": "tracking.behaviourtracking", "pk": 45, "fields": {"student": 17, "week": 10, "term": 4, "year": 2017, "b1": "Follow teachers' instructions", "b2": "Communicate appropriately", "monday_points": 100, "monday_attended": "monday_attended", "monday_arrived": null, "tuesday_points": 100, "tuesday_attended": "tuesday_attended", "tuesday_arrived": null, "wednesday_points": 100, "wednesday_attended": "wednesday_attended", "wednesday_arrived": null, "thursday_points": 100, "thursday_attended": "thursday_attended", "thursday_arrived": null, "friday_points": 100, "friday_attended": "friday_attended", "friday_arrived": null}}, {"model": "tracking.behaviourtracking", "pk": 47, "fields": {"student": 35, "week": 2, "term": 1, "year": 2018, "b1": "Socialise during breaks", "b2": "Wear correct uniform", "monday_points": 100, "monday_attended": "monday_attended", "monday_arrived": null, "tuesday_points": 100, "tuesday_attended": "tuesday_attended", "tuesday_arrived": null, "wednesday_points": 100, "wednesday_attended": "wednesday_attended", "wednesday_arrived": null, "thursday_points": 100, "thursday_attended": "thursday_attended", "thursday_arrived": null, "friday_points": 100, "friday_attended": "friday_attended", "friday_arrived": null}}, {"model": "tracking.behaviourtracking", "pk": 77, "fields": {"student": 41, "week": 5, "term": 1, "year": 2018, "b1": "Communicate needs", "b2": "Follow teachers' instructions", "monday_points": 100, "monday_attended": "monday_attended", "monday_arrived": null, "tuesday_points": 100, "tuesday_attended": "tuesday_attended", "tuesday_arrived": null, "wednesday_points": 100, "wednesday_attended": "wednesday_attended", "wednesday_arrived": null, "thursday_points": 100, "thursday_attended": "thursday_attended", "thursday_arrived": null, "friday_points": 100, "friday_attended": "friday_attended", "friday_arrived": null}}, {"model": "tracking.behaviourtracking", "pk": 78, "fields": {"student": 40, "week": 5, "term": 1, "year": 2018, "b1": "Communicate Needs", "b2": "Challenge yourself socially and academically", "monday_points": 0, "monday_attended": 1, "monday_arrived": "09:00:00", "tuesday_points": 60, "tuesday_attended": 1, "tuesday_arrived": "09:00:00", "wednesday_points": 60, "wednesday_attended": 1, "wednesday_arrived": "09:00:00", "thursday_points": 0, "thursday_attended": 1, "thursday_arrived": "09:00:00", "friday_points": 0, "friday_attended": 1, "friday_arrived": "09:00:00"}}, {"model": "tracking.behaviourtracking", "pk": 81, "fields": {"student": 16, "week": 2, "term": 1, "year": 2018, "b1": "Excercise sincere communication", "b2": "Focus On Academics", "monday_points": 95, "monday_attended": 1, "monday_arrived": "09:00:00", "tuesday_points": 95, "tuesday_attended": 1, "tuesday_arrived": "09:00:00", "wednesday_points": 100, "wednesday_attended": 1, "wednesday_arrived": "09:00:00", "thursday_points": 100, "thursday_attended": 1, "thursday_arrived": "09:00:00", "friday_points": 85, "friday_attended": 1, "friday_arrived": "09:00:00"}}, {"model": "tracking.behaviourtracking", "pk": 82, "fields": {"student": 16, "week": 5, "term": 1, "year": 2018, "b1": "Excercise sincere communication", "b2": "Focus On Academics", "monday_points": 100, "monday_attended": 1, "monday_arrived": "09:00:00", "tuesday_points": 93, "tuesday_attended": 1, "tuesday_arrived": "09:00:00", "wednesday_points": 98, "wednesday_attended": 1, "wednesday_arrived": "09:00:00", "thursday_points": 92, "thursday_attended": 1, "thursday_arrived": "09:00:00", "friday_points": 98, "friday_attended": 1, "friday_arrived": "09:00:00"}}, {"model": "tracking.behaviourtracking", "pk": 83, "fields": {"student": 17, "week": 1, "term": 1, "year": 2018, "b1": "Complete Set Tasks", "b2": "Communicate needs", "monday_points": 0, "monday_attended": 3, "monday_arrived": "09:00:00", "tuesday_points": 0, "tuesday_attended": 3, "tuesday_arrived": "09:00:00", "wednesday_points": 0, "wednesday_attended": 3, "wednesday_arrived": "09:00:00", "thursday_points": 95, "thursday_attended": 1, "thursday_arrived": "09:00:00", "friday_points": 98, "friday_attended": 1, "friday_arrived": "09:00:00"}}, {"model": "tracking.behaviourtracking", "pk": 84, "fields": {"student": 17, "week": 2, "term": 1, "year": 2018, "b1": "Complete Set Tasks", "b2": "Communicate needs", "monday_points": 97, "monday_attended": 1, "monday_arrived": "09:00:00", "tuesday_points": 0, "tuesday_attended": 3, "tuesday_arrived": "09:00:00", "wednesday_points": 96, "wednesday_attended": 1, "wednesday_arrived": "09:00:00", "thursday_points": 80, "thursday_attended": 1, "thursday_arrived": "09:00:00", "friday_points": 71, "friday_attended": 1, "friday_arrived": "09:00:00"}}, {"model": "tracking.behaviourtracking", "pk": 85, "fields": {"student": 17, "week": 3, "term": 1, "year": 2018, "b1": "Remain on task and negotiate breaks", "b2": "Wear Correct Uniform", "monday_points": 87, "monday_attended": 1, "monday_arrived": "09:00:00", "tuesday_points": 0, "tuesday_attended": 3, "tuesday_arrived": "09:00:00", "wednesday_points": 75, "wednesday_attended": 1, "wednesday_arrived": "09:00:00", "thursday_points": 41, "thursday_attended": 1, "thursday_arrived": "09:00:00", "friday_points": 70, "friday_attended": 1, "friday_arrived": "09:00:00"}}, {"model": "tracking.behaviourtracking", "pk": 86, "fields": {"student": 17, "week": 4, "term": 1, "year": 2018, "b1": "Act Maturely", "b2": "Wear Correct Uniform", "monday_points": 48, "monday_attended": 1, "monday_arrived": "09:00:00", "tuesday_points": 0, "tuesday_attended": 3, "tuesday_arrived": "09:00:00", "wednesday_points": 37, "wednesday_attended": 1, "wednesday_arrived": "09:00:00", "thursday_points": 79, "thursday_attended": 1, "thursday_arrived": "09:00:00", "friday_points": 67, "friday_attended": 1, "friday_arrived": "09:00:00"}}, {"model": "tracking.behaviourtracking", "pk": 87, "fields": {"student": 17, "week": 5, "term": 1, "year": 2018, "b1": "Be in the right place at the right time", "b2": "Listen to and follow teachers' instructions", "monday_points": 42, "monday_attended": 1, "monday_arrived": "09:00:00", "tuesday_points": 100, "tuesday_attended": 1, "tuesday_arrived": "09:00:00", "wednesday_points": 58, "wednesday_attended": 1, "wednesday_arrived": "09:00:00", "thursday_points": 0, "thursday_attended": 3, "thursday_arrived": "09:00:00", "friday_points": 0, "friday_attended": 3, "friday_arrived": "09:00:00"}}, {"model": "tracking.behaviourtracking", "pk": 88, "fields": {"student": 17, "week": 6, "term": 1, "year": 2018, "b1": "Remain on task and negotiate breaks", "b2": "Communicate appropriately", "monday_points": 52, "monday_attended": 1, "monday_arrived": "09:00:00", "tuesday_points": 38, "tuesday_attended": 1, "tuesday_arrived": "09:00:00", "wednesday_points": 100, "wednesday_attended": 1, "wednesday_arrived": "09:00:00", "thursday_points": 88, "thursday_attended": 1, "thursday_arrived": "09:00:00", "friday_points": 79, "friday_attended": 1, "friday_arrived": "09:00:00"}}, {"model": "tracking.behaviourtracking", "pk": 89, "fields": {"student": 18, "week": 1, "term": 1, "year": 2018, "b1": "Be in the right place at the right time", "b2": "Minimise distraction by peers", "monday_points": 45, "monday_attended": 1, "monday_arrived": "09:00:00", "tuesday_points": 45, "tuesday_attended": 1, "tuesday_arrived": "09:00:00", "wednesday_points": 90, "wednesday_attended": 1, "wednesday_arrived": "09:00:00", "thursday_points": 90, "thursday_attended": 1, "thursday_arrived": "09:00:00", "friday_points": 100, "friday_attended": 1, "friday_arrived": "09:00:00"}}, {"model": "tracking.behaviourtracking", "pk": 90, "fields": {"student": 18, "week": 3, "term": 1, "year": 2018, "b1": "Use strategies to manage mood", "b2": "Be in the right place at the right time", "monday_points": 60, "monday_attended": 1, "monday_arrived": "09:00:00", "tuesday_points": 90, "tuesday_attended": 1, "tuesday_arrived": "09:00:00", "wednesday_points": 100, "wednesday_attended": 1, "wednesday_arrived": "09:00:00", "thursday_points": 100, "thursday_attended": 1, "thursday_arrived": "09:00:00", "friday_points": 100, "friday_attended": 1, "friday_arrived": "09:00:00"}}, {"model": "tracking.behaviourtracking", "pk": 91, "fields": {"student": 18, "week": 4, "term": 1, "year": 2018, "b1": "Manage mood", "b2": "Focus On Academics", "monday_points": 82, "monday_attended": 1, "monday_arrived": "09:00:00", "tuesday_points": 90, "tuesday_attended": 1, "tuesday_arrived": "09:00:00", "wednesday_points": 100, "wednesday_attended": 1, "wednesday_arrived": "09:00:00", "thursday_points": 100, "thursday_attended": 1, "thursday_arrived": "09:00:00", "friday_points": 100, "friday_attended": 1, "friday_arrived": "09:00:00"}}, {"model": "tracking.behaviourtracking", "pk": 92, "fields": {"student": 19, "week": 1, "term": 1, "year": 2018, "b1": "Be in the right place at the right time", "b2": "Have a conversation with more than two people", "monday_points": 30, "monday_attended": 1, "monday_arrived": "09:00:00", "tuesday_points": 90, "tuesday_attended": 1, "tuesday_arrived": "09:00:00", "wednesday_points": 20, "wednesday_attended": 1, "wednesday_arrived": "09:00:00", "thursday_points": 10, "thursday_attended": 1, "thursday_arrived": "09:00:00", "friday_points": 49, "friday_attended": 1, "friday_arrived": "09:00:00"}}, {"model": "tracking.behaviourtracking", "pk": 93, "fields": {"student": 19, "week": 3, "term": 1, "year": 2018, "b1": "Be in the right place at the right time", "b2": "Participate in the whole school program", "monday_points": 33, "monday_attended": 1, "monday_arrived": "09:00:00", "tuesday_points": 32, "tuesday_attended": 1, "tuesday_arrived": "09:00:00", "wednesday_points": 64, "wednesday_attended": 1, "wednesday_arrived": "09:00:00", "thursday_points": 0, "thursday_attended": 1, "thursday_arrived": "09:00:00", "friday_points": 40, "friday_attended": 1, "friday_arrived": "09:00:00"}}, {"model": "tracking.behaviourtracking", "pk": 94, "fields": {"student": 19, "week": 4, "term": 1, "year": 2018, "b1": "Be in the right place at the right time", "b2": "Focus On Academics", "monday_points": 0, "monday_attended": 1, "monday_arrived": "09:00:00", "tuesday_points": 50, "tuesday_attended": 1, "tuesday_arrived": "09:00:00", "wednesday_points": 0, "wednesday_attended": 1, "wednesday_arrived": "09:00:00", "thursday_points": 35, "thursday_attended": 1, "thursday_arrived": "09:00:00", "friday_points": 40, "friday_attended": 1, "friday_arrived": "09:00:00"}}, {"model": "tracking.behaviourtracking", "pk": 95, "fields": {"student": 20, "week": 1, "term": 1, "year": 2018, "b1": "Be in the right place at the right time", "b2": "Participate in the whole school program", "monday_points": 0, "monday_attended": 1, "monday_arrived": "09:00:00", "tuesday_points": 44, "tuesday_attended": 1, "tuesday_arrived": "09:00:00", "wednesday_points": 0, "wednesday_attended": 3, "wednesday_arrived": "09:00:00", "thursday_points": 5, "thursday_attended": 1, "thursday_arrived": "09:00:00", "friday_points": 0, "friday_attended": 3, "friday_arrived": "09:00:00"}}, {"model": "tracking.behaviourtracking", "pk": 96, "fields": {"student": 20, "week": 3, "term": 1, "year": 2018, "b1": "Be in the right place at the right time", "b2": "Focus On Academics", "monday_points": 3, "monday_attended": 1, "monday_arrived": "09:00:00", "tuesday_points": 3, "tuesday_attended": 1, "tuesday_arrived": "09:00:00", "wednesday_points": 0, "wednesday_attended": 3, "wednesday_arrived": "09:00:00", "thursday_points": 0, "thursday_attended": 3, "thursday_arrived": "09:00:00", "friday_points": 65, "friday_attended": 1, "friday_arrived": "09:00:00"}}, {"model": "tracking.behaviourtracking", "pk": 97, "fields": {"student": 20, "week": 4, "term": 1, "year": 2018, "b1": "Be in the right place at the right time", "b2": "Communicate appropriately", "monday_points": 0, "monday_attended": 1, "monday_arrived": "09:00:00", "tuesday_points": 0, "tuesday_attended": 3, "tuesday_arrived": "09:00:00", "wednesday_points": 29, "wednesday_attended": 1, "wednesday_arrived": "09:00:00", "thursday_points": 0, "thursday_attended": 3, "thursday_arrived": "09:00:00", "friday_points": 0, "friday_attended": 3, "friday_arrived": "09:00:00"}}, {"model": "tracking.behaviourtracking", "pk": 98, "fields": {"student": 21, "week": 1, "term": 1, "year": 2018, "b1": "Behave Safely", "b2": "Communicate appropriately", "monday_points": 0, "monday_attended": 3, "monday_arrived": "09:00:00", "tuesday_points": 91, "tuesday_attended": 1, "tuesday_arrived": "09:00:00", "wednesday_points": 0, "wednesday_attended": 3, "wednesday_arrived": "09:00:00", "thursday_points": 90, "thursday_attended": 1, "thursday_arrived": "09:00:00", "friday_points": 0, "friday_attended": 3, "friday_arrived": "09:00:00"}}, {"model": "tracking.behaviourtracking", "pk": 99, "fields": {"student": 21, "week": 3, "term": 1, "year": 2018, "b1": "Communicate Appropriately", "b2": "Behave Safely", "monday_points": 0, "monday_attended": 3, "monday_arrived": "09:00:00", "tuesday_points": 86, "tuesday_attended": 1, "tuesday_arrived": "09:00:00", "wednesday_points": 95, "wednesday_attended": 1, "wednesday_arrived": "09:00:00", "thursday_points": 0, "thursday_attended": 3, "thursday_arrived": "09:00:00", "friday_points": 0, "friday_attended": 3, "friday_arrived": "09:00:00"}}, {"model": "tracking.behaviourtracking", "pk": 100, "fields": {"student": 21, "week": 4, "term": 1, "year": 2018, "b1": "Behave Safely", "b2": "Communicate appropriately", "monday_points": 0, "monday_attended": 3, "monday_arrived": "09:00:00", "tuesday_points": 78, "tuesday_attended": 1, "tuesday_arrived": "09:00:00", "wednesday_points": 0, "wednesday_attended": 3, "wednesday_arrived": "09:00:00", "thursday_points": 72, "thursday_attended": 1, "thursday_arrived": "09:00:00", "friday_points": 0, "friday_attended": 1, "friday_arrived": "09:00:00"}}, {"model": "tracking.behaviourtracking", "pk": 101, "fields": {"student": 22, "week": 1, "term": 1, "year": 2018, "b1": "Be in the right place at the right time", "b2": "Communicate appropriately", "monday_points": 0, "monday_attended": 1, "monday_arrived": "09:00:00", "tuesday_points": 0, "tuesday_attended": 1, "tuesday_arrived": "09:00:00", "wednesday_points": 65, "wednesday_attended": 1, "wednesday_arrived": "09:00:00", "thursday_points": 49, "thursday_attended": 1, "thursday_arrived": "09:00:00", "friday_points": 0, "friday_attended": 1, "friday_arrived": "09:00:00"}}, {"model": "tracking.behaviourtracking", "pk": 102, "fields": {"student": 22, "week": 3, "term": 1, "year": 2018, "b1": "Communicate Appropriately", "b2": "Listen to and follow teachers' instructions", "monday_points": 0, "monday_attended": 3, "monday_arrived": "09:00:00", "tuesday_points": 65, "tuesday_attended": 1, "tuesday_arrived": "09:00:00", "wednesday_points": 0, "wednesday_attended": 3, "wednesday_arrived": "09:00:00", "thursday_points": 38, "thursday_attended": 1, "thursday_arrived": "09:00:00", "friday_points": 80, "friday_attended": 1, "friday_arrived": "09:00:00"}}, {"model": "tracking.behaviourtracking", "pk": 103, "fields": {"student": 22, "week": 4, "term": 1, "year": 2018, "b1": "Communicate Appropriately", "b2": "Be in the right place at the right time", "monday_points": 70, "monday_attended": 1, "monday_arrived": "09:00:00", "tuesday_points": 0, "tuesday_attended": 3, "tuesday_arrived": "09:00:00", "wednesday_points": 70, "wednesday_attended": 1, "wednesday_arrived": "09:00:00", "thursday_points": 20, "thursday_attended": 1, "thursday_arrived": "09:00:00", "friday_points": 56, "friday_attended": 1, "friday_arrived": "09:00:00"}}, {"model": "tracking.behaviourtracking", "pk": 104, "fields": {"student": 23, "week": 1, "term": 1, "year": 2018, "b1": "Follow teachers' Instuctions", "b2": "Focus on own issues", "monday_points": 0, "monday_attended": 1, "monday_arrived": "09:00:00", "tuesday_points": 95, "tuesday_attended": 1, "tuesday_arrived": "09:00:00", "wednesday_points": 55, "wednesday_attended": 1, "wednesday_arrived": "09:00:00", "thursday_points": 78, "thursday_attended": 1, "thursday_arrived": "09:00:00", "friday_points": 100, "friday_attended": 1, "friday_arrived": "09:00:00"}}, {"model": "tracking.behaviourtracking", "pk": 105, "fields": {"student": 23, "week": 3, "term": 1, "year": 2018, "b1": "Participate in whole school program", "b2": "Manage academics/free-time independently", "monday_points": 0, "monday_attended": 3, "monday_arrived": "09:00:00", "tuesday_points": 84, "tuesday_attended": 1, "tuesday_arrived": "09:00:00", "wednesday_points": 84, "wednesday_attended": 1, "wednesday_arrived": "09:00:00", "thursday_points": 92, "thursday_attended": 1, "thursday_arrived": "09:00:00", "friday_points": 0, "friday_attended": 3, "friday_arrived": "09:00:00"}}, {"model": "tracking.behaviourtracking", "pk": 106, "fields": {"student": 23, "week": 4, "term": 1, "year": 2018, "b1": "Participate in whole school program", "b2": "Manage academics/free-time independently", "monday_points": 90, "monday_attended": 1, "monday_arrived": "09:00:00", "tuesday_points": 80, "tuesday_attended": 1, "tuesday_arrived": "09:00:00", "wednesday_points": 100, "wednesday_attended": 1, "wednesday_arrived": "09:00:00", "thursday_points": 0, "thursday_attended": 3, "thursday_arrived": "09:00:00", "friday_points": 100, "friday_attended": 1, "friday_arrived": "09:00:00"}}, {"model": "tracking.behaviourtracking", "pk": 107, "fields": {"student": 24, "week": 1, "term": 1, "year": 2018, "b1": "Follow Teachers' Instuctions", "b2": "Focus On Academics", "monday_points": 0, "monday_attended": 1, "monday_arrived": "09:00:00", "tuesday_points": 0, "tuesday_attended": 3, "tuesday_arrived": "09:00:00", "wednesday_points": 100, "wednesday_attended": 1, "wednesday_arrived": "09:00:00", "thursday_points": 95, "thursday_attended": 1, "thursday_arrived": "09:00:00", "friday_points": 0, "friday_attended": 3, "friday_arrived": "09:00:00"}}, {"model": "tracking.behaviourtracking", "pk": 108, "fields": {"student": 25, "week": 1, "term": 1, "year": 2018, "b1": "Focus on titlepages", "b2": "Manage mood swings", "monday_points": 0, "monday_attended": 1, "monday_arrived": "09:00:00", "tuesday_points": 94, "tuesday_attended": 1, "tuesday_arrived": "09:00:00", "wednesday_points": 94, "wednesday_attended": 1, "wednesday_arrived": "09:00:00", "thursday_points": 93, "thursday_attended": 1, "thursday_arrived": "09:00:00", "friday_points": 100, "friday_attended": 1, "friday_arrived": "09:00:00"}}, {"model": "tracking.behaviourtracking", "pk": 109, "fields": {"student": 25, "week": 2, "term": 1, "year": 2018, "b1": "Manage mood swings", "b2": "Maintain a high academic standard", "monday_points": 96, "monday_attended": 1, "monday_arrived": "09:00:00", "tuesday_points": 0, "tuesday_attended": 3, "tuesday_arrived": "09:00:00", "wednesday_points": 75, "wednesday_attended": 1, "wednesday_arrived": "09:00:00", "thursday_points": 100, "thursday_attended": 1, "thursday_arrived": "09:00:00", "friday_points": 100, "friday_attended": 1, "friday_arrived": "09:00:00"}}, {"model": "tracking.behaviourtracking", "pk": 110, "fields": {"student": 25, "week": 6, "term": 1, "year": 2018, "b1": "Manage mood swings", "b2": "Be in the right place at the right time", "monday_points": 85, "monday_attended": 1, "monday_arrived": "09:00:00", "tuesday_points": 100, "tuesday_attended": 1, "tuesday_arrived": "09:00:00", "wednesday_points": 100, "wednesday_attended": 1, "wednesday_arrived": "09:00:00", "thursday_points": 80, "thursday_attended": 1, "thursday_arrived": "09:00:00", "friday_points": 80, "friday_attended": 1, "friday_arrived": "09:00:00"}}, {"model": "tracking.behaviourtracking", "pk": 111, "fields": {"student": 26, "week": 1, "term": 1, "year": 2018, "b1": "Follow Teachers' Instuctions", "b2": "Communicate needs", "monday_points": 100, "monday_attended": 1, "monday_arrived": "09:00:00", "tuesday_points": 100, "tuesday_attended": 1, "tuesday_arrived": "09:00:00", "wednesday_points": 100, "wednesday_attended": 1, "wednesday_arrived": "09:00:00", "thursday_points": 100, "thursday_attended": 1, "thursday_arrived": "09:00:00", "friday_points": 100, "friday_attended": 1, "friday_arrived": "09:00:00"}}, {"model": "tracking.behaviourtracking", "pk": 112, "fields": {"student": 26, "week": 2, "term": 1, "year": 2018, "b1": "Follow Teachers' Instuctions", "b2": "Communicate needs", "monday_points": 100, "monday_attended": 3, "monday_arrived": "09:00:00", "tuesday_points": 0, "tuesday_attended": 1, "tuesday_arrived": "09:00:00", "wednesday_points": 100, "wednesday_attended": 1, "wednesday_arrived": "09:00:00", "thursday_points": 100, "thursday_attended": 1, "thursday_arrived": "09:00:00", "friday_points": 100, "friday_attended": 1, "friday_arrived": "09:00:00"}}, {"model": "tracking.behaviourtracking", "pk": 113, "fields": {"student": 26, "week": 3, "term": 1, "year": 2018, "b1": "Complete Set Tasks", "b2": "Communicate needs", "monday_points": 100, "monday_attended": 1, "monday_arrived": "09:00:00", "tuesday_points": 96, "tuesday_attended": 1, "tuesday_arrived": "09:00:00", "wednesday_points": 100, "wednesday_attended": 1, "wednesday_arrived": "09:00:00", "thursday_points": 83, "thursday_attended": 1, "thursday_arrived": "09:00:00", "friday_points": 53, "friday_attended": 1, "friday_arrived": "09:00:00"}}, {"model": "tracking.behaviourtracking", "pk": 115, "fields": {"student": 26, "week": 7, "term": 1, "year": 2018, "b1": "Communicate Needs", "b2": "Listen to and follow teachers' instructions", "monday_points": 68, "monday_attended": 1, "monday_arrived": "09:00:00", "tuesday_points": 76, "tuesday_attended": 1, "tuesday_arrived": "09:00:00", "wednesday_points": 36, "wednesday_attended": 1, "wednesday_arrived": "09:00:00", "thursday_points": 69, "thursday_attended": 1, "thursday_arrived": "09:00:00", "friday_points": 100, "friday_attended": 1, "friday_arrived": "09:00:00"}}, {"model": "tracking.behaviourtracking", "pk": 116, "fields": {"student": 26, "week": 6, "term": 1, "year": 2018, "b1": "Communicate Needs", "b2": "Listen to and follow teachers' instructions", "monday_points": 68, "monday_attended": 1, "monday_arrived": "09:00:00", "tuesday_points": 76, "tuesday_attended": 1, "tuesday_arrived": "09:00:00", "wednesday_points": 36, "wednesday_attended": 1, "wednesday_arrived": "09:00:00", "thursday_points": 68, "thursday_attended": 1, "thursday_arrived": "09:00:00", "friday_points": 100, "friday_attended": 1, "friday_arrived": "09:00:00"}}, {"model": "tracking.behaviourtracking", "pk": 117, "fields": {"student": 26, "week": 5, "term": 1, "year": 2018, "b1": "Communicate Needs", "b2": "Listen to and follow teachers' instructions", "monday_points": 20, "monday_attended": 1, "monday_arrived": "09:00:00", "tuesday_points": 100, "tuesday_attended": 1, "tuesday_arrived": "09:00:00", "wednesday_points": 100, "wednesday_attended": 1, "wednesday_arrived": "09:00:00", "thursday_points": 100, "thursday_attended": 1, "thursday_arrived": "09:00:00", "friday_points": 100, "friday_attended": 1, "friday_arrived": "09:00:00"}}, {"model": "tracking.behaviourtracking", "pk": 118, "fields": {"student": 27, "week": 2, "term": 1, "year": 2018, "b1": "Be in the right place at the right time", "b2": "Use appropriate strategies to manage mood", "monday_points": 84, "monday_attended": 1, "monday_arrived": "09:00:00", "tuesday_points": 87, "tuesday_attended": 1, "tuesday_arrived": "09:00:00", "wednesday_points": 100, "wednesday_attended": 1, "wednesday_arrived": "09:00:00", "thursday_points": 94, "thursday_attended": 1, "thursday_arrived": "09:00:00", "friday_points": 0, "friday_attended": 3, "friday_arrived": "09:00:00"}}, {"model": "tracking.behaviourtracking", "pk": 119, "fields": {"student": 27, "week": 5, "term": 1, "year": 2018, "b1": "Be in the right place at the right time", "b2": "Use appropriate strategies to manage mood", "monday_points": 90, "monday_attended": 1, "monday_arrived": "09:00:00", "tuesday_points": 50, "tuesday_attended": 1, "tuesday_arrived": "09:00:00", "wednesday_points": 90, "wednesday_attended": 1, "wednesday_arrived": "09:00:00", "thursday_points": 92, "thursday_attended": 1, "thursday_arrived": "09:00:00", "friday_points": 96, "friday_attended": 1, "friday_arrived": "09:00:00"}}, {"model": "tracking.behaviourtracking", "pk": 120, "fields": {"student": 28, "week": 2, "term": 1, "year": 2018, "b1": "Focus on academics", "b2": "Ask for help when needed", "monday_points": 95, "monday_attended": 1, "monday_arrived": "09:00:00", "tuesday_points": 100, "tuesday_attended": 1, "tuesday_arrived": "09:00:00", "wednesday_points": 100, "wednesday_attended": 1, "wednesday_arrived": "09:00:00", "thursday_points": 100, "thursday_attended": 1, "thursday_arrived": "09:00:00", "friday_points": 0, "friday_attended": 3, "friday_arrived": "09:00:00"}}, {"model": "tracking.behaviourtracking", "pk": 121, "fields": {"student": 28, "week": 5, "term": 1, "year": 2018, "b1": "Communicate Needs", "b2": "Participate in the whole school program", "monday_points": 0, "monday_attended": 3, "monday_arrived": "09:00:00", "tuesday_points": 92, "tuesday_attended": 1, "tuesday_arrived": "09:00:00", "wednesday_points": 0, "wednesday_attended": 3, "wednesday_arrived": "09:00:00", "thursday_points": 94, "thursday_attended": 1, "thursday_arrived": "09:00:00", "friday_points": 0, "friday_attended": 3, "friday_arrived": "09:00:00"}}, {"model": "tracking.behaviourtracking", "pk": 122, "fields": {"student": 29, "week": 2, "term": 1, "year": 2018, "b1": "Ask for help when needed", "b2": "Focus On Academics", "monday_points": 95, "monday_attended": 1, "monday_arrived": "09:00:00", "tuesday_points": 100, "tuesday_attended": 1, "tuesday_arrived": "09:00:00", "wednesday_points": 100, "wednesday_attended": 1, "wednesday_arrived": "09:00:00", "thursday_points": 90, "thursday_attended": 1, "thursday_arrived": "09:00:00", "friday_points": 90, "friday_attended": 1, "friday_arrived": "09:00:00"}}, {"model": "tracking.behaviourtracking", "pk": 123, "fields": {"student": 29, "week": 5, "term": 1, "year": 2018, "b1": "Use strategies to manage mood", "b2": "Ask for help when needed", "monday_points": 100, "monday_attended": 1, "monday_arrived": "09:00:00", "tuesday_points": 85, "tuesday_attended": 1, "tuesday_arrived": "09:00:00", "wednesday_points": 100, "wednesday_attended": 1, "wednesday_arrived": "09:00:00", "thursday_points": 100, "thursday_attended": 1, "thursday_arrived": "09:00:00", "friday_points": 100, "friday_attended": 1, "friday_arrived": "09:00:00"}}, {"model": "tracking.behaviourtracking", "pk": 124, "fields": {"student": 30, "week": 2, "term": 1, "year": 2018, "b1": "Manage mood and frustration", "b2": "Focus On Academics", "monday_points": 0, "monday_attended": 3, "monday_arrived": "09:00:00", "tuesday_points": 0, "tuesday_attended": 3, "tuesday_arrived": "09:00:00", "wednesday_points": 0, "wednesday_attended": 3, "wednesday_arrived": "09:00:00", "thursday_points": 0, "thursday_attended": 3, "thursday_arrived": "09:00:00", "friday_points": 0, "friday_attended": 3, "friday_arrived": "09:00:00"}}, {"model": "tracking.behaviourtracking", "pk": 125, "fields": {"student": 30, "week": 5, "term": 1, "year": 2018, "b1": "Manage mood and frustration", "b2": "Focus On Academics", "monday_points": 92, "monday_attended": 1, "monday_arrived": "09:00:00", "tuesday_points": 93, "tuesday_attended": 1, "tuesday_arrived": "09:00:00", "wednesday_points": 100, "wednesday_attended": 1, "wednesday_arrived": "09:00:00", "thursday_points": 93, "thursday_attended": 1, "thursday_arrived": "09:00:00", "friday_points": 90, "friday_attended": 1, "friday_arrived": "09:00:00"}}, {"model": "tracking.behaviourtracking", "pk": 126, "fields": {"student": 31, "week": 2, "term": 1, "year": 2018, "b1": "Participate in whole school program", "b2": "Socialise with peers", "monday_points": 100, "monday_attended": 1, "monday_arrived": "09:00:00", "tuesday_points": 94, "tuesday_attended": 1, "tuesday_arrived": "09:00:00", "wednesday_points": 100, "wednesday_attended": 1, "wednesday_arrived": "09:00:00", "thursday_points": 95, "thursday_attended": 1, "thursday_arrived": "09:00:00", "friday_points": 85, "friday_attended": 1, "friday_arrived": "09:00:00"}}, {"model": "tracking.behaviourtracking", "pk": 127, "fields": {"student": 31, "week": 5, "term": 1, "year": 2018, "b1": "Communicate Needs", "b2": "Use appropriate strategies to manage mood", "monday_points": 0, "monday_attended": 3, "monday_arrived": "09:00:00", "tuesday_points": 0, "tuesday_attended": 3, "tuesday_arrived": "09:00:00", "wednesday_points": 0, "wednesday_attended": 3, "wednesday_arrived": "09:00:00", "thursday_points": 90, "thursday_attended": 3, "thursday_arrived": "09:00:00", "friday_points": 0, "friday_attended": 3, "friday_arrived": "09:00:00"}}, {"model": "tracking.behaviourtracking", "pk": 128, "fields": {"student": 32, "week": 2, "term": 1, "year": 2018, "b1": "Focus on academics", "b2": "Communicate needs", "monday_points": 0, "monday_attended": 3, "monday_arrived": "09:00:00", "tuesday_points": 0, "tuesday_attended": 3, "tuesday_arrived": "09:00:00", "wednesday_points": 0, "wednesday_attended": 3, "wednesday_arrived": "09:00:00", "thursday_points": 97, "thursday_attended": 1, "thursday_arrived": "09:00:00", "friday_points": 0, "friday_attended": 3, "friday_arrived": "09:00:00"}}, {"model": "tracking.behaviourtracking", "pk": 129, "fields": {"student": 32, "week": 5, "term": 1, "year": 2018, "b1": "Communicate respectfully", "b2": "Listen to and follow teachers' instructions", "monday_points": 94, "monday_attended": 1, "monday_arrived": "09:00:00", "tuesday_points": 50, "tuesday_attended": 1, "tuesday_arrived": "09:00:00", "wednesday_points": 78, "wednesday_attended": 1, "wednesday_arrived": "09:00:00", "thursday_points": 70, "thursday_attended": 1, "thursday_arrived": "09:00:00", "friday_points": 81, "friday_attended": 1, "friday_arrived": "09:00:00"}}, {"model": "tracking.behaviourtracking", "pk": 130, "fields": {"student": 33, "week": 2, "term": 1, "year": 2018, "b1": "Listen to and follow teacher's instructions", "b2": "Communicate needs", "monday_points": 0, "monday_attended": 3, "monday_arrived": "09:00:00", "tuesday_points": 0, "tuesday_attended": 3, "tuesday_arrived": "09:00:00", "wednesday_points": 0, "wednesday_attended": 3, "wednesday_arrived": "09:00:00", "thursday_points": 0, "thursday_attended": 3, "thursday_arrived": "09:00:00", "friday_points": 100, "friday_attended": 1, "friday_arrived": "09:00:00"}}, {"model": "tracking.behaviourtracking", "pk": 131, "fields": {"student": 33, "week": 5, "term": 1, "year": 2018, "b1": "Focus on own issues", "b2": "Communicate needs", "monday_points": 92, "monday_attended": 1, "monday_arrived": "09:00:00", "tuesday_points": 90, "tuesday_attended": 1, "tuesday_arrived": "09:00:00", "wednesday_points": 100, "wednesday_attended": 1, "wednesday_arrived": "09:00:00", "thursday_points": 90, "thursday_attended": 1, "thursday_arrived": "09:00:00", "friday_points": 96, "friday_attended": 1, "friday_arrived": "09:00:00"}}, {"model": "tracking.behaviourtracking", "pk": 132, "fields": {"student": 34, "week": 3, "term": 1, "year": 2018, "b1": "Follow Teachers' Instuctions", "b2": "Ask for help when needed", "monday_points": 0, "monday_attended": 1, "monday_arrived": "09:00:00", "tuesday_points": 44, "tuesday_attended": 1, "tuesday_arrived": "09:00:00", "wednesday_points": 85, "wednesday_attended": 1, "wednesday_arrived": "09:00:00", "thursday_points": 54, "thursday_attended": 1, "thursday_arrived": "09:00:00", "friday_points": 60, "friday_attended": 1, "friday_arrived": "09:00:00"}}, {"model": "tracking.behaviourtracking", "pk": 133, "fields": {"student": 35, "week": 1, "term": 1, "year": 2018, "b1": "Socialise during breaks", "b2": "Wear Correct Uniform", "monday_points": 0, "monday_attended": 1, "monday_arrived": "09:00:00", "tuesday_points": 94, "tuesday_attended": 1, "tuesday_arrived": "09:00:00", "wednesday_points": 0, "wednesday_attended": 3, "wednesday_arrived": "09:00:00", "thursday_points": 100, "thursday_attended": 1, "thursday_arrived": "09:00:00", "friday_points": 100, "friday_attended": 1, "friday_arrived": "09:00:00"}}, {"model": "tracking.behaviourtracking", "pk": 134, "fields": {"student": 35, "week": 3, "term": 1, "year": 2018, "b1": "Attempt all set tasks", "b2": "Communicate appropriately", "monday_points": 96, "monday_attended": 1, "monday_arrived": "09:00:00", "tuesday_points": 88, "tuesday_attended": 1, "tuesday_arrived": "09:00:00", "wednesday_points": 91, "wednesday_attended": 1, "wednesday_arrived": "09:00:00", "thursday_points": 100, "thursday_attended": 1, "thursday_arrived": "09:00:00", "friday_points": 100, "friday_attended": 1, "friday_arrived": "09:00:00"}}, {"model": "tracking.behaviourtracking", "pk": 135, "fields": {"student": 35, "week": 4, "term": 1, "year": 2018, "b1": "Listen to and follow teacher's instructions", "b2": "Attempt set tasks", "monday_points": 100, "monday_attended": 1, "monday_arrived": "09:00:00", "tuesday_points": 95, "tuesday_attended": 1, "tuesday_arrived": "09:00:00", "wednesday_points": 82, "wednesday_attended": 1, "wednesday_arrived": "09:00:00", "thursday_points": 96, "thursday_attended": 1, "thursday_arrived": "09:00:00", "friday_points": 98, "friday_attended": 1, "friday_arrived": "09:00:00"}}, {"model": "tracking.behaviourtracking", "pk": 136, "fields": {"student": 35, "week": 5, "term": 1, "year": 2018, "b1": "Attempt all set work", "b2": "Listen to and follow teachers' instructions", "monday_points": 100, "monday_attended": 1, "monday_arrived": "09:00:00", "tuesday_points": 80, "tuesday_attended": 1, "tuesday_arrived": "09:00:00", "wednesday_points": 0, "wednesday_attended": 1, "wednesday_arrived": "09:00:00", "thursday_points": 78, "thursday_attended": 1, "thursday_arrived": "09:00:00", "friday_points": 100, "friday_attended": 1, "friday_arrived": "09:00:00"}}, {"model": "tracking.behaviourtracking", "pk": 137, "fields": {"student": 35, "week": 6, "term": 1, "year": 2018, "b1": "Attempt all set work", "b2": "Listen to and follow teachers' instructions", "monday_points": 0, "monday_attended": 3, "monday_arrived": "09:00:00", "tuesday_points": 97, "tuesday_attended": 1, "tuesday_arrived": "09:00:00", "wednesday_points": 97, "wednesday_attended": 1, "wednesday_arrived": "09:00:00", "thursday_points": 0, "thursday_attended": 3, "thursday_arrived": "09:00:00", "friday_points": 95, "friday_attended": 1, "friday_arrived": "09:00:00"}}, {"model": "tracking.behaviourtracking", "pk": 138, "fields": {"student": 36, "week": 1, "term": 1, "year": 2018, "b1": "Socialise during breaks", "b2": "Come to school every day", "monday_points": 0, "monday_attended": 3, "monday_arrived": "09:00:00", "tuesday_points": 100, "tuesday_attended": 1, "tuesday_arrived": "09:00:00", "wednesday_points": 0, "wednesday_attended": 3, "wednesday_arrived": "09:00:00", "thursday_points": 100, "thursday_attended": 1, "thursday_arrived": "09:00:00", "friday_points": 0, "friday_attended": 3, "friday_arrived": "09:00:00"}}, {"model": "tracking.behaviourtracking", "pk": 139, "fields": {"student": 36, "week": 2, "term": 1, "year": 2018, "b1": "Ask for help when needed", "b2": "Contribute to class discussions", "monday_points": 0, "monday_attended": 1, "monday_arrived": "09:00:00", "tuesday_points": 99, "tuesday_attended": 1, "tuesday_arrived": "09:00:00", "wednesday_points": 98, "wednesday_attended": 1, "wednesday_arrived": "09:00:00", "thursday_points": 0, "thursday_attended": 1, "thursday_arrived": "09:00:00", "friday_points": 0, "friday_attended": 1, "friday_arrived": "09:00:00"}}, {"model": "tracking.behaviourtracking", "pk": 140, "fields": {"student": 36, "week": 3, "term": 1, "year": 2018, "b1": "Practise being assertive", "b2": "Focus on set tasks", "monday_points": 0, "monday_attended": 3, "monday_arrived": "09:00:00", "tuesday_points": 100, "tuesday_attended": 1, "tuesday_arrived": "09:00:00", "wednesday_points": 100, "wednesday_attended": 1, "wednesday_arrived": "09:00:00", "thursday_points": 100, "thursday_attended": 1, "thursday_arrived": "09:00:00", "friday_points": 100, "friday_attended": 1, "friday_arrived": "09:00:00"}}, {"model": "tracking.behaviourtracking", "pk": 141, "fields": {"student": 36, "week": 4, "term": 1, "year": 2018, "b1": "Focus on own issues", "b2": "Be in the right place at the right time", "monday_points": 0, "monday_attended": 3, "monday_arrived": "09:00:00", "tuesday_points": 100, "tuesday_attended": 1, "tuesday_arrived": "09:00:00", "wednesday_points": 100, "wednesday_attended": 1, "wednesday_arrived": "09:00:00", "thursday_points": 100, "thursday_attended": 1, "thursday_arrived": "09:00:00", "friday_points": 0, "friday_attended": 3, "friday_arrived": "09:00:00"}}, {"model": "tracking.behaviourtracking", "pk": 142, "fields": {"student": 36, "week": 5, "term": 1, "year": 2018, "b1": "Focus on own issues", "b2": "Focus On Academics", "monday_points": 0, "monday_attended": 3, "monday_arrived": "09:00:00", "tuesday_points": 0, "tuesday_attended": 3, "tuesday_arrived": "09:00:00", "wednesday_points": 100, "wednesday_attended": 1, "wednesday_arrived": "09:00:00", "thursday_points": 100, "thursday_attended": 1, "thursday_arrived": "09:00:00", "friday_points": 100, "friday_attended": 1, "friday_arrived": "09:00:00"}}, {"model": "tracking.behaviourtracking", "pk": 143, "fields": {"student": 36, "week": 6, "term": 1, "year": 2018, "b1": "Ask for help when needed", "b2": "Practice being assertive", "monday_points": 100, "monday_attended": 1, "monday_arrived": "09:00:00", "tuesday_points": 100, "tuesday_attended": 1, "tuesday_arrived": "09:00:00", "wednesday_points": 0, "wednesday_attended": 3, "wednesday_arrived": "09:00:00", "thursday_points": 0, "thursday_attended": 3, "thursday_arrived": "09:00:00", "friday_points": 100, "friday_attended": 1, "friday_arrived": "09:00:00"}}, {"model": "tracking.behaviourtracking", "pk": 144, "fields": {"student": 37, "week": 2, "term": 1, "year": 2018, "b1": "Communicate Needs", "b2": "Socialise with peers", "monday_points": 99, "monday_attended": 1, "monday_arrived": "09:00:00", "tuesday_points": 90, "tuesday_attended": 1, "tuesday_arrived": "09:00:00", "wednesday_points": 100, "wednesday_attended": 1, "wednesday_arrived": "09:00:00", "thursday_points": 88, "thursday_attended": 1, "thursday_arrived": "09:00:00", "friday_points": 100, "friday_attended": 1, "friday_arrived": "09:00:00"}}, {"model": "tracking.behaviourtracking", "pk": 145, "fields": {"student": 37, "week": 3, "term": 1, "year": 2018, "b1": "Practise safe distance", "b2": "Communicate appropriately", "monday_points": 90, "monday_attended": 1, "monday_arrived": "09:00:00", "tuesday_points": 96, "tuesday_attended": 1, "tuesday_arrived": "09:00:00", "wednesday_points": 100, "wednesday_attended": 1, "wednesday_arrived": "09:00:00", "thursday_points": 100, "thursday_attended": 1, "thursday_arrived": "09:00:00", "friday_points": 100, "friday_attended": 1, "friday_arrived": "09:00:00"}}, {"model": "tracking.behaviourtracking", "pk": 146, "fields": {"student": 37, "week": 4, "term": 1, "year": 2018, "b1": "Practise safe distance", "b2": "Communicate appropriately", "monday_points": 92, "monday_attended": 1, "monday_arrived": "09:00:00", "tuesday_points": 96, "tuesday_attended": 1, "tuesday_arrived": "09:00:00", "wednesday_points": 100, "wednesday_attended": 1, "wednesday_arrived": "09:00:00", "thursday_points": 100, "thursday_attended": 1, "thursday_arrived": "09:00:00", "friday_points": 100, "friday_attended": 1, "friday_arrived": "09:00:00"}}, {"model": "tracking.behaviourtracking", "pk": 147, "fields": {"student": 37, "week": 5, "term": 1, "year": 2018, "b1": "Listen to and follow teacher's instructions", "b2": "Communicate appropriately", "monday_points": 92, "monday_attended": 1, "monday_arrived": "09:00:00", "tuesday_points": 98, "tuesday_attended": 1, "tuesday_arrived": "09:00:00", "wednesday_points": 100, "wednesday_attended": 1, "wednesday_arrived": "09:00:00", "thursday_points": 0, "thursday_attended": 3, "thursday_arrived": "09:00:00", "friday_points": 100, "friday_attended": 1, "friday_arrived": "09:00:00"}}, {"model": "tracking.behaviourtracking", "pk": 148, "fields": {"student": 37, "week": 6, "term": 1, "year": 2018, "b1": "Practise strategies to manage stress", "b2": "Listen to and follow teachers' instructions", "monday_points": 90, "monday_attended": 1, "monday_arrived": "09:00:00", "tuesday_points": 100, "tuesday_attended": 1, "tuesday_arrived": "09:00:00", "wednesday_points": 100, "wednesday_attended": 1, "wednesday_arrived": "09:00:00", "thursday_points": 96, "thursday_attended": 1, "thursday_arrived": "09:00:00", "friday_points": 80, "friday_attended": 1, "friday_arrived": "09:00:00"}}, {"model": "tracking.behaviourtracking", "pk": 149, "fields": {"student": 38, "week": 1, "term": 1, "year": 2018, "b1": "Continue to be a good role model", "b2": "Listen to and follow teachers' instructions", "monday_points": 0, "monday_attended": 1, "monday_arrived": "09:00:00", "tuesday_points": 88, "tuesday_attended": 1, "tuesday_arrived": "09:00:00", "wednesday_points": 0, "wednesday_attended": 3, "wednesday_arrived": "09:00:00", "thursday_points": 98, "thursday_attended": 1, "thursday_arrived": "09:00:00", "friday_points": 78, "friday_attended": 1, "friday_arrived": "09:00:00"}}, {"model": "tracking.behaviourtracking", "pk": 150, "fields": {"student": 38, "week": 2, "term": 1, "year": 2018, "b1": "Continue to be a good role model", "b2": "Listen to and follow teachers' instructions", "monday_points": 95, "monday_attended": 1, "monday_arrived": "09:00:00", "tuesday_points": 69, "tuesday_attended": 1, "tuesday_arrived": "09:00:00", "wednesday_points": 58, "wednesday_attended": 1, "wednesday_arrived": "09:00:00", "thursday_points": 34, "thursday_attended": 1, "thursday_arrived": "09:00:00", "friday_points": 93, "friday_attended": 1, "friday_arrived": "09:00:00"}}, {"model": "tracking.behaviourtracking", "pk": 151, "fields": {"student": 38, "week": 3, "term": 1, "year": 2018, "b1": "Continue to be a good role model", "b2": "Listen to and follow teachers' instructions", "monday_points": 0, "monday_attended": 3, "monday_arrived": "09:00:00", "tuesday_points": 56, "tuesday_attended": 1, "tuesday_arrived": "09:00:00", "wednesday_points": 63, "wednesday_attended": 1, "wednesday_arrived": "09:00:00", "thursday_points": 29, "thursday_attended": 1, "thursday_arrived": "09:00:00", "friday_points": 0, "friday_attended": 3, "friday_arrived": "09:00:00"}}, {"model": "tracking.behaviourtracking", "pk": 152, "fields": {"student": 38, "week": 4, "term": 1, "year": 2018, "b1": "Behave Safely", "b2": "Listen to and follow teachers' instructions", "monday_points": 0, "monday_attended": 3, "monday_arrived": "09:00:00", "tuesday_points": 0, "tuesday_attended": 3, "tuesday_arrived": "09:00:00", "wednesday_points": 74, "wednesday_attended": 1, "wednesday_arrived": "09:00:00", "thursday_points": 87, "thursday_attended": 1, "thursday_arrived": "09:00:00", "friday_points": 71, "friday_attended": 1, "friday_arrived": "09:00:00"}}, {"model": "tracking.behaviourtracking", "pk": 153, "fields": {"student": 38, "week": 5, "term": 1, "year": 2018, "b1": "Practise being a good role model", "b2": "Listen to and follow teachers' instructions", "monday_points": 88, "monday_attended": 1, "monday_arrived": "09:00:00", "tuesday_points": 62, "tuesday_attended": 1, "tuesday_arrived": "09:00:00", "wednesday_points": 72, "wednesday_attended": 1, "wednesday_arrived": "09:00:00", "thursday_points": 70, "thursday_attended": 1, "thursday_arrived": "09:00:00", "friday_points": 77, "friday_attended": 1, "friday_arrived": "09:00:00"}}, {"model": "tracking.behaviourtracking", "pk": 154, "fields": {"student": 38, "week": 6, "term": 1, "year": 2018, "b1": "Act respectfully to students and staff", "b2": "Attempt all set tasks", "monday_points": 62, "monday_attended": 1, "monday_arrived": "09:00:00", "tuesday_points": 30, "tuesday_attended": 1, "tuesday_arrived": "09:00:00", "wednesday_points": 50, "wednesday_attended": 1, "wednesday_arrived": "09:00:00", "thursday_points": 5, "thursday_attended": 1, "thursday_arrived": "09:00:00", "friday_points": 59, "friday_attended": 1, "friday_arrived": "09:00:00"}}, {"model": "tracking.behaviourtracking", "pk": 155, "fields": {"student": 40, "week": 6, "term": 1, "year": 2018, "b1": "Challenge yourself academically", "b2": "Communicate needs", "monday_points": 55, "monday_attended": 1, "monday_arrived": "09:00:00", "tuesday_points": 100, "tuesday_attended": 1, "tuesday_arrived": "09:00:00", "wednesday_points": 0, "wednesday_attended": 1, "wednesday_arrived": "09:00:00", "thursday_points": 70, "thursday_attended": 1, "thursday_arrived": "09:00:00", "friday_points": 80, "friday_attended": 1, "friday_arrived": "09:00:00"}}, {"model": "tracking.behaviourtracking", "pk": 156, "fields": {"student": 41, "week": 6, "term": 1, "year": 2018, "b1": "Communicate Needs", "b2": "Listen to and follow teachers' instructions", "monday_points": 100, "monday_attended": 1, "monday_arrived": "09:00:00", "tuesday_points": 97, "tuesday_attended": 1, "tuesday_arrived": "09:00:00", "wednesday_points": 100, "wednesday_attended": 1, "wednesday_arrived": "09:00:00", "thursday_points": 100, "thursday_attended": 1, "thursday_arrived": "09:00:00", "friday_points": 100, "friday_attended": 1, "friday_arrived": "09:00:00"}}, {"model": "tracking.behaviourtracking", "pk": 157, "fields": {"student": 42, "week": 6, "term": 1, "year": 2018, "b1": "Communicate Appropriately", "b2": "Listen to and follow teachers' instructions", "monday_points": 40, "monday_attended": 1, "monday_arrived": "09:00:00", "tuesday_points": 20, "tuesday_attended": 1, "tuesday_arrived": "09:00:00", "wednesday_points": 0, "wednesday_attended": 5, "wednesday_arrived": "09:00:00", "thursday_points": 0, "thursday_attended": 5, "thursday_arrived": "09:00:00", "friday_points": 0, "friday_attended": 5, "friday_arrived": "09:00:00"}}, {"model": "contenttypes.contenttype", "pk": 1, "fields": {"app_label": "admin", "model": "logentry"}}, {"model": "contenttypes.contenttype", "pk": 2, "fields": {"app_label": "auth", "model": "permission"}}, {"model": "contenttypes.contenttype", "pk": 3, "fields": {"app_label": "auth", "model": "group"}}, {"model": "contenttypes.contenttype", "pk": 4, "fields": {"app_label": "auth", "model": "user"}}, {"model": "contenttypes.contenttype", "pk": 5, "fields": {"app_label": "contenttypes", "model": "contenttype"}}, {"model": "contenttypes.contenttype", "pk": 6, "fields": {"app_label": "sessions", "model": "session"}}, {"model": "contenttypes.contenttype", "pk": 7, "fields": {"app_label": "main", "model": "event"}}, {"model": "contenttypes.contenttype", "pk": 8, "fields": {"app_label": "main", "model": "newsletter"}}, {"model": "contenttypes.contenttype", "pk": 9, "fields": {"app_label": "main", "model": "testimonial"}}, {"model": "contenttypes.contenttype", "pk": 10, "fields": {"app_label": "main", "model": "subscriber"}}, {"model": "contenttypes.contenttype", "pk": 11, "fields": {"app_label": "gallery", "model": "galleryimage"}}, {"model": "contenttypes.contenttype", "pk": 12, "fields": {"app_label": "gallery", "model": "gallery"}}, {"model": "contenttypes.contenttype", "pk": 13, "fields": {"app_label": "school_admin", "model": "sdehsbooks"}}, {"model": "contenttypes.contenttype", "pk": 14, "fields": {"app_label": "main", "model": "asr"}}, {"model": "contenttypes.contenttype", "pk": 15, "fields": {"app_label": "main", "model": "staff"}}, {"model": "contenttypes.contenttype", "pk": 16, "fields": {"app_label": "staff", "model": "staffmembers"}}, {"model": "contenttypes.contenttype", "pk": 17, "fields": {"app_label": "tracking", "model": "student"}}, {"model": "contenttypes.contenttype", "pk": 18, "fields": {"app_label": "tracking", "model": "workitout"}}, {"model": "contenttypes.contenttype", "pk": 19, "fields": {"app_label": "tracking", "model": "behaviourtracking"}}, {"model": "sessions.session", "pk": "2sxi9q38trasznabma724j80mvzklwc3", "fields": {"session_data": "ZDMxZWUwNTFlOGQzOWQ1NGNmNTNjYjVmZTljMWJkY2ZhMTMzZWNjMTp7Il9hdXRoX3VzZXJfaWQiOiIxIiwiX2F1dGhfdXNlcl9iYWNrZW5kIjoiZGphbmdvLmNvbnRyaWIuYXV0aC5iYWNrZW5kcy5Nb2RlbEJhY2tlbmQiLCJfYXV0aF91c2VyX2hhc2giOiJjZDNhMTA0YWEzODZkOGEyOGViNWM1ZTI5MTA4MDNhZjVjZThmM2I1In0=", "expire_date": "2018-03-20T01:28:18.274Z"}}, {"model": "sessions.session", "pk": "3sj2iwpzzgsmunaskg85u1uz71055chl", "fields": {"session_data": "NjQyNTA3MmY0MTZiMTBmNTIzNmM2YzBjNDEwMTE0YzlkY2I0NGIzOTp7Il9hdXRoX3VzZXJfaWQiOiIxIiwiX2F1dGhfdXNlcl9iYWNrZW5kIjoiZGphbmdvLmNvbnRyaWIuYXV0aC5iYWNrZW5kcy5Nb2RlbEJhY2tlbmQiLCJfYXV0aF91c2VyX2hhc2giOiIzMGU1ZTJjYmNlZDJlY2YyZjJmYjY1ZDM5MTljM2FjMTEyM2U4ZjM4In0=", "expire_date": "2017-12-04T01:51:15.728Z"}}, {"model": "sessions.session", "pk": "3z87l1fn4mmyjo6icj1grneehok5852s", "fields": {"session_data": "ZDMxZWUwNTFlOGQzOWQ1NGNmNTNjYjVmZTljMWJkY2ZhMTMzZWNjMTp7Il9hdXRoX3VzZXJfaWQiOiIxIiwiX2F1dGhfdXNlcl9iYWNrZW5kIjoiZGphbmdvLmNvbnRyaWIuYXV0aC5iYWNrZW5kcy5Nb2RlbEJhY2tlbmQiLCJfYXV0aF91c2VyX2hhc2giOiJjZDNhMTA0YWEzODZkOGEyOGViNWM1ZTI5MTA4MDNhZjVjZThmM2I1In0=", "expire_date": "2018-02-27T22:38:54.126Z"}}, {"model": "sessions.session", "pk": "4rojc8j7wczfwhle2mds40mka51wsa86", "fields": {"session_data": "ZDMxZWUwNTFlOGQzOWQ1NGNmNTNjYjVmZTljMWJkY2ZhMTMzZWNjMTp7Il9hdXRoX3VzZXJfaWQiOiIxIiwiX2F1dGhfdXNlcl9iYWNrZW5kIjoiZGphbmdvLmNvbnRyaWIuYXV0aC5iYWNrZW5kcy5Nb2RlbEJhY2tlbmQiLCJfYXV0aF91c2VyX2hhc2giOiJjZDNhMTA0YWEzODZkOGEyOGViNWM1ZTI5MTA4MDNhZjVjZThmM2I1In0=", "expire_date": "2018-03-23T03:06:25.540Z"}}, {"model": "sessions.session", "pk": "5ie6x7vxaurpy145ouiu049n307s37a3", "fields": {"session_data": "NjQyNTA3MmY0MTZiMTBmNTIzNmM2YzBjNDEwMTE0YzlkY2I0NGIzOTp7Il9hdXRoX3VzZXJfaWQiOiIxIiwiX2F1dGhfdXNlcl9iYWNrZW5kIjoiZGphbmdvLmNvbnRyaWIuYXV0aC5iYWNrZW5kcy5Nb2RlbEJhY2tlbmQiLCJfYXV0aF91c2VyX2hhc2giOiIzMGU1ZTJjYmNlZDJlY2YyZjJmYjY1ZDM5MTljM2FjMTEyM2U4ZjM4In0=", "expire_date": "2017-11-01T00:57:04.576Z"}}, {"model": "sessions.session", "pk": "67vsyygqe8b6qaj1um1br49z9n60qx4j", "fields": {"session_data": "ZDMxZWUwNTFlOGQzOWQ1NGNmNTNjYjVmZTljMWJkY2ZhMTMzZWNjMTp7Il9hdXRoX3VzZXJfaWQiOiIxIiwiX2F1dGhfdXNlcl9iYWNrZW5kIjoiZGphbmdvLmNvbnRyaWIuYXV0aC5iYWNrZW5kcy5Nb2RlbEJhY2tlbmQiLCJfYXV0aF91c2VyX2hhc2giOiJjZDNhMTA0YWEzODZkOGEyOGViNWM1ZTI5MTA4MDNhZjVjZThmM2I1In0=", "expire_date": "2018-03-07T21:43:59.841Z"}}, {"model": "sessions.session", "pk": "800g5s8iae6ug83zznzcpni41djp4xhx", "fields": {"session_data": "M2UxYTIyZGIzNDdkYTg3NzdiNDE1NTY1MDBlMzU0NmUxYzc1MjBhNTp7Il9hdXRoX3VzZXJfaWQiOiIxIiwiX2F1dGhfdXNlcl9iYWNrZW5kIjoiZGphbmdvLmNvbnRyaWIuYXV0aC5iYWNrZW5kcy5Nb2RlbEJhY2tlbmQiLCJfYXV0aF91c2VyX2hhc2giOiJmOTkyMGU4MjcyNzliZTcxNjMyNTlhMWQwOGM5OGJlMDc2M2UwMWE3In0=", "expire_date": "2018-02-13T05:12:23.194Z"}}, {"model": "sessions.session", "pk": "8lgxhj4nl8fl41nqvovl36ca2x1nttuf", "fields": {"session_data": "ZDMxZWUwNTFlOGQzOWQ1NGNmNTNjYjVmZTljMWJkY2ZhMTMzZWNjMTp7Il9hdXRoX3VzZXJfaWQiOiIxIiwiX2F1dGhfdXNlcl9iYWNrZW5kIjoiZGphbmdvLmNvbnRyaWIuYXV0aC5iYWNrZW5kcy5Nb2RlbEJhY2tlbmQiLCJfYXV0aF91c2VyX2hhc2giOiJjZDNhMTA0YWEzODZkOGEyOGViNWM1ZTI5MTA4MDNhZjVjZThmM2I1In0=", "expire_date": "2018-03-08T11:54:32.559Z"}}, {"model": "sessions.session", "pk": "9n672qkdwarec6m0eidk6e18mf9anmev", "fields": {"session_data": "MDFkNTQ2YTFlOGIzNWFlMDYwZTE1Y2U5YzE2YmUyMzRjYzk4MTQyODp7Il9hdXRoX3VzZXJfaWQiOiIxIiwiX2F1dGhfdXNlcl9iYWNrZW5kIjoiZGphbmdvLmNvbnRyaWIuYXV0aC5iYWNrZW5kcy5Nb2RlbEJhY2tlbmQiLCJfYXV0aF91c2VyX2hhc2giOiI0MDI2M2EzN2RmYjQ5NDAzNTA3ZWM1Mzc5NmVmY2I1NTcxMGVjMDRhIn0=", "expire_date": "2018-02-19T01:53:38.547Z"}}, {"model": "sessions.session", "pk": "bh29j8m197mrpwk0obbontfujdxbb3j3", "fields": {"session_data": "ZDMxZWUwNTFlOGQzOWQ1NGNmNTNjYjVmZTljMWJkY2ZhMTMzZWNjMTp7Il9hdXRoX3VzZXJfaWQiOiIxIiwiX2F1dGhfdXNlcl9iYWNrZW5kIjoiZGphbmdvLmNvbnRyaWIuYXV0aC5iYWNrZW5kcy5Nb2RlbEJhY2tlbmQiLCJfYXV0aF91c2VyX2hhc2giOiJjZDNhMTA0YWEzODZkOGEyOGViNWM1ZTI5MTA4MDNhZjVjZThmM2I1In0=", "expire_date": "2018-03-21T06:26:40.459Z"}}, {"model": "sessions.session", "pk": "d8x6xgc8xulhbkoqi9jumhg84uh77b3n", "fields": {"session_data": "M2UxYTIyZGIzNDdkYTg3NzdiNDE1NTY1MDBlMzU0NmUxYzc1MjBhNTp7Il9hdXRoX3VzZXJfaWQiOiIxIiwiX2F1dGhfdXNlcl9iYWNrZW5kIjoiZGphbmdvLmNvbnRyaWIuYXV0aC5iYWNrZW5kcy5Nb2RlbEJhY2tlbmQiLCJfYXV0aF91c2VyX2hhc2giOiJmOTkyMGU4MjcyNzliZTcxNjMyNTlhMWQwOGM5OGJlMDc2M2UwMWE3In0=", "expire_date": "2018-02-19T01:16:01.835Z"}}, {"model": "sessions.session", "pk": "emuw87iwrdx8w8ovdkp0wh7m8fki1aie", "fields": {"session_data": "NjQyNTA3MmY0MTZiMTBmNTIzNmM2YzBjNDEwMTE0YzlkY2I0NGIzOTp7Il9hdXRoX3VzZXJfaWQiOiIxIiwiX2F1dGhfdXNlcl9iYWNrZW5kIjoiZGphbmdvLmNvbnRyaWIuYXV0aC5iYWNrZW5kcy5Nb2RlbEJhY2tlbmQiLCJfYXV0aF91c2VyX2hhc2giOiIzMGU1ZTJjYmNlZDJlY2YyZjJmYjY1ZDM5MTljM2FjMTEyM2U4ZjM4In0=", "expire_date": "2017-11-07T22:33:07.189Z"}}, {"model": "sessions.session", "pk": "g1ni4hnysdqt50pos7uhs1pjvw2yrknh", "fields": {"session_data": "ZDMxZWUwNTFlOGQzOWQ1NGNmNTNjYjVmZTljMWJkY2ZhMTMzZWNjMTp7Il9hdXRoX3VzZXJfaWQiOiIxIiwiX2F1dGhfdXNlcl9iYWNrZW5kIjoiZGphbmdvLmNvbnRyaWIuYXV0aC5iYWNrZW5kcy5Nb2RlbEJhY2tlbmQiLCJfYXV0aF91c2VyX2hhc2giOiJjZDNhMTA0YWEzODZkOGEyOGViNWM1ZTI5MTA4MDNhZjVjZThmM2I1In0=", "expire_date": "2018-03-15T01:38:49.002Z"}}, {"model": "sessions.session", "pk": "l66tkk521mdxneag91o71pv4qaqbuz0q", "fields": {"session_data": "ZDMxZWUwNTFlOGQzOWQ1NGNmNTNjYjVmZTljMWJkY2ZhMTMzZWNjMTp7Il9hdXRoX3VzZXJfaWQiOiIxIiwiX2F1dGhfdXNlcl9iYWNrZW5kIjoiZGphbmdvLmNvbnRyaWIuYXV0aC5iYWNrZW5kcy5Nb2RlbEJhY2tlbmQiLCJfYXV0aF91c2VyX2hhc2giOiJjZDNhMTA0YWEzODZkOGEyOGViNWM1ZTI5MTA4MDNhZjVjZThmM2I1In0=", "expire_date": "2018-03-08T23:29:34.140Z"}}, {"model": "sessions.session", "pk": "m858iau7vfis3n6c188nyrp9v3r0ql2p", "fields": {"session_data": "ZDMxZWUwNTFlOGQzOWQ1NGNmNTNjYjVmZTljMWJkY2ZhMTMzZWNjMTp7Il9hdXRoX3VzZXJfaWQiOiIxIiwiX2F1dGhfdXNlcl9iYWNrZW5kIjoiZGphbmdvLmNvbnRyaWIuYXV0aC5iYWNrZW5kcy5Nb2RlbEJhY2tlbmQiLCJfYXV0aF91c2VyX2hhc2giOiJjZDNhMTA0YWEzODZkOGEyOGViNWM1ZTI5MTA4MDNhZjVjZThmM2I1In0=", "expire_date": "2018-02-26T01:22:56.215Z"}}, {"model": "sessions.session", "pk": "mgotw5vqhsg85jr63kowvvl7jdwn0a5w", "fields": {"session_data": "NGQwODQ2YWI1NzdjMzkyNzI2N2JkZTY4NTQ3Nzc0MjRlNTEwMGE4YTp7Il9hdXRoX3VzZXJfaWQiOiIyIiwiX2F1dGhfdXNlcl9iYWNrZW5kIjoiZGphbmdvLmNvbnRyaWIuYXV0aC5iYWNrZW5kcy5Nb2RlbEJhY2tlbmQiLCJfYXV0aF91c2VyX2hhc2giOiI4Yzk4YmY3NmI1NzgzN2U5NDE5YmIyYzk5ODY4NzI1ZTEzNmVlNjNlIn0=", "expire_date": "2017-11-23T22:47:12.705Z"}}, {"model": "sessions.session", "pk": "mpcvy2d5r4zvwp46bvpfulpaf21vo5z4", "fields": {"session_data": "MDFkNTQ2YTFlOGIzNWFlMDYwZTE1Y2U5YzE2YmUyMzRjYzk4MTQyODp7Il9hdXRoX3VzZXJfaWQiOiIxIiwiX2F1dGhfdXNlcl9iYWNrZW5kIjoiZGphbmdvLmNvbnRyaWIuYXV0aC5iYWNrZW5kcy5Nb2RlbEJhY2tlbmQiLCJfYXV0aF91c2VyX2hhc2giOiI0MDI2M2EzN2RmYjQ5NDAzNTA3ZWM1Mzc5NmVmY2I1NTcxMGVjMDRhIn0=", "expire_date": "2018-02-20T23:57:24.878Z"}}, {"model": "sessions.session", "pk": "mvqki14d2a77fjlz0e672cwhsn68pgj7", "fields": {"session_data": "ZDMxZWUwNTFlOGQzOWQ1NGNmNTNjYjVmZTljMWJkY2ZhMTMzZWNjMTp7Il9hdXRoX3VzZXJfaWQiOiIxIiwiX2F1dGhfdXNlcl9iYWNrZW5kIjoiZGphbmdvLmNvbnRyaWIuYXV0aC5iYWNrZW5kcy5Nb2RlbEJhY2tlbmQiLCJfYXV0aF91c2VyX2hhc2giOiJjZDNhMTA0YWEzODZkOGEyOGViNWM1ZTI5MTA4MDNhZjVjZThmM2I1In0=", "expire_date": "2018-03-28T01:58:29.886Z"}}, {"model": "sessions.session", "pk": "nn46b2343vx04j8bksy5ph95gj5wll4z", "fields": {"session_data": "NjQyNTA3MmY0MTZiMTBmNTIzNmM2YzBjNDEwMTE0YzlkY2I0NGIzOTp7Il9hdXRoX3VzZXJfaWQiOiIxIiwiX2F1dGhfdXNlcl9iYWNrZW5kIjoiZGphbmdvLmNvbnRyaWIuYXV0aC5iYWNrZW5kcy5Nb2RlbEJhY2tlbmQiLCJfYXV0aF91c2VyX2hhc2giOiIzMGU1ZTJjYmNlZDJlY2YyZjJmYjY1ZDM5MTljM2FjMTEyM2U4ZjM4In0=", "expire_date": "2017-10-31T04:48:22.227Z"}}, {"model": "sessions.session", "pk": "pwbf84a18eg5ms7ysb6s0ow2p9hgfuar", "fields": {"session_data": "ZDMxZWUwNTFlOGQzOWQ1NGNmNTNjYjVmZTljMWJkY2ZhMTMzZWNjMTp7Il9hdXRoX3VzZXJfaWQiOiIxIiwiX2F1dGhfdXNlcl9iYWNrZW5kIjoiZGphbmdvLmNvbnRyaWIuYXV0aC5iYWNrZW5kcy5Nb2RlbEJhY2tlbmQiLCJfYXV0aF91c2VyX2hhc2giOiJjZDNhMTA0YWEzODZkOGEyOGViNWM1ZTI5MTA4MDNhZjVjZThmM2I1In0=", "expire_date": "2018-02-21T01:30:22.157Z"}}, {"model": "sessions.session", "pk": "q1rxsrccopobqldl091seotlg75xuhu1", "fields": {"session_data": "NjQyNTA3MmY0MTZiMTBmNTIzNmM2YzBjNDEwMTE0YzlkY2I0NGIzOTp7Il9hdXRoX3VzZXJfaWQiOiIxIiwiX2F1dGhfdXNlcl9iYWNrZW5kIjoiZGphbmdvLmNvbnRyaWIuYXV0aC5iYWNrZW5kcy5Nb2RlbEJhY2tlbmQiLCJfYXV0aF91c2VyX2hhc2giOiIzMGU1ZTJjYmNlZDJlY2YyZjJmYjY1ZDM5MTljM2FjMTEyM2U4ZjM4In0=", "expire_date": "2017-10-28T03:06:03.985Z"}}, {"model": "sessions.session", "pk": "to05fq8mprarh6pbdta65wn28lofxqcf", "fields": {"session_data": "NjQyNTA3MmY0MTZiMTBmNTIzNmM2YzBjNDEwMTE0YzlkY2I0NGIzOTp7Il9hdXRoX3VzZXJfaWQiOiIxIiwiX2F1dGhfdXNlcl9iYWNrZW5kIjoiZGphbmdvLmNvbnRyaWIuYXV0aC5iYWNrZW5kcy5Nb2RlbEJhY2tlbmQiLCJfYXV0aF91c2VyX2hhc2giOiIzMGU1ZTJjYmNlZDJlY2YyZjJmYjY1ZDM5MTljM2FjMTEyM2U4ZjM4In0=", "expire_date": "2017-10-29T23:23:29.606Z"}}, {"model": "sessions.session", "pk": "xhv5dnmnerr24k5hxcng4js6bdx8zzn1", "fields": {"session_data": "NjQyNTA3MmY0MTZiMTBmNTIzNmM2YzBjNDEwMTE0YzlkY2I0NGIzOTp7Il9hdXRoX3VzZXJfaWQiOiIxIiwiX2F1dGhfdXNlcl9iYWNrZW5kIjoiZGphbmdvLmNvbnRyaWIuYXV0aC5iYWNrZW5kcy5Nb2RlbEJhY2tlbmQiLCJfYXV0aF91c2VyX2hhc2giOiIzMGU1ZTJjYmNlZDJlY2YyZjJmYjY1ZDM5MTljM2FjMTEyM2U4ZjM4In0=", "expire_date": "2017-11-02T23:28:40.678Z"}}, {"model": "sessions.session", "pk": "yraaqte2ulibgfe9g64605co3jcreegp", "fields": {"session_data": "ZDMxZWUwNTFlOGQzOWQ1NGNmNTNjYjVmZTljMWJkY2ZhMTMzZWNjMTp7Il9hdXRoX3VzZXJfaWQiOiIxIiwiX2F1dGhfdXNlcl9iYWNrZW5kIjoiZGphbmdvLmNvbnRyaWIuYXV0aC5iYWNrZW5kcy5Nb2RlbEJhY2tlbmQiLCJfYXV0aF91c2VyX2hhc2giOiJjZDNhMTA0YWEzODZkOGEyOGViNWM1ZTI5MTA4MDNhZjVjZThmM2I1In0=", "expire_date": "2018-03-27T22:11:49.550Z"}}, {"model": "auth.permission", "pk": 1, "fields": {"name": "Can add log entry", "content_type": 1, "codename": "add_logentry"}}, {"model": "auth.permission", "pk": 2, "fields": {"name": "Can change log entry", "content_type": 1, "codename": "change_logentry"}}, {"model": "auth.permission", "pk": 3, "fields": {"name": "Can delete log entry", "content_type": 1, "codename": "delete_logentry"}}, {"model": "auth.permission", "pk": 4, "fields": {"name": "Can add permission", "content_type": 2, "codename": "add_permission"}}, {"model": "auth.permission", "pk": 5, "fields": {"name": "Can change permission", "content_type": 2, "codename": "change_permission"}}, {"model": "auth.permission", "pk": 6, "fields": {"name": "Can delete permission", "content_type": 2, "codename": "delete_permission"}}, {"model": "auth.permission", "pk": 7, "fields": {"name": "Can add group", "content_type": 3, "codename": "add_group"}}, {"model": "auth.permission", "pk": 8, "fields": {"name": "Can change group", "content_type": 3, "codename": "change_group"}}, {"model": "auth.permission", "pk": 9, "fields": {"name": "Can delete group", "content_type": 3, "codename": "delete_group"}}, {"model": "auth.permission", "pk": 10, "fields": {"name": "Can add user", "content_type": 4, "codename": "add_user"}}, {"model": "auth.permission", "pk": 11, "fields": {"name": "Can change user", "content_type": 4, "codename": "change_user"}}, {"model": "auth.permission", "pk": 12, "fields": {"name": "Can delete user", "content_type": 4, "codename": "delete_user"}}, {"model": "auth.permission", "pk": 13, "fields": {"name": "Can add content type", "content_type": 5, "codename": "add_contenttype"}}, {"model": "auth.permission", "pk": 14, "fields": {"name": "Can change content type", "content_type": 5, "codename": "change_contenttype"}}, {"model": "auth.permission", "pk": 15, "fields": {"name": "Can delete content type", "content_type": 5, "codename": "delete_contenttype"}}, {"model": "auth.permission", "pk": 16, "fields": {"name": "Can add session", "content_type": 6, "codename": "add_session"}}, {"model": "auth.permission", "pk": 17, "fields": {"name": "Can change session", "content_type": 6, "codename": "change_session"}}, {"model": "auth.permission", "pk": 18, "fields": {"name": "Can delete session", "content_type": 6, "codename": "delete_session"}}, {"model": "auth.permission", "pk": 19, "fields": {"name": "Can add event", "content_type": 7, "codename": "add_event"}}, {"model": "auth.permission", "pk": 20, "fields": {"name": "Can change event", "content_type": 7, "codename": "change_event"}}, {"model": "auth.permission", "pk": 21, "fields": {"name": "Can delete event", "content_type": 7, "codename": "delete_event"}}, {"model": "auth.permission", "pk": 22, "fields": {"name": "Can add newsletter", "content_type": 8, "codename": "add_newsletter"}}, {"model": "auth.permission", "pk": 23, "fields": {"name": "Can change newsletter", "content_type": 8, "codename": "change_newsletter"}}, {"model": "auth.permission", "pk": 24, "fields": {"name": "Can delete newsletter", "content_type": 8, "codename": "delete_newsletter"}}, {"model": "auth.permission", "pk": 25, "fields": {"name": "Can add testimonial", "content_type": 9, "codename": "add_testimonial"}}, {"model": "auth.permission", "pk": 26, "fields": {"name": "Can change testimonial", "content_type": 9, "codename": "change_testimonial"}}, {"model": "auth.permission", "pk": 27, "fields": {"name": "Can delete testimonial", "content_type": 9, "codename": "delete_testimonial"}}, {"model": "auth.permission", "pk": 28, "fields": {"name": "Can add subscriber", "content_type": 10, "codename": "add_subscriber"}}, {"model": "auth.permission", "pk": 29, "fields": {"name": "Can change subscriber", "content_type": 10, "codename": "change_subscriber"}}, {"model": "auth.permission", "pk": 30, "fields": {"name": "Can delete subscriber", "content_type": 10, "codename": "delete_subscriber"}}, {"model": "auth.permission", "pk": 31, "fields": {"name": "Can add gallery image", "content_type": 11, "codename": "add_galleryimage"}}, {"model": "auth.permission", "pk": 32, "fields": {"name": "Can change gallery image", "content_type": 11, "codename": "change_galleryimage"}}, {"model": "auth.permission", "pk": 33, "fields": {"name": "Can delete gallery image", "content_type": 11, "codename": "delete_galleryimage"}}, {"model": "auth.permission", "pk": 34, "fields": {"name": "Can add gallery", "content_type": 12, "codename": "add_gallery"}}, {"model": "auth.permission", "pk": 35, "fields": {"name": "Can change gallery", "content_type": 12, "codename": "change_gallery"}}, {"model": "auth.permission", "pk": 36, "fields": {"name": "Can delete gallery", "content_type": 12, "codename": "delete_gallery"}}, {"model": "auth.permission", "pk": 37, "fields": {"name": "Can add sdehs books", "content_type": 13, "codename": "add_sdehsbooks"}}, {"model": "auth.permission", "pk": 38, "fields": {"name": "Can change sdehs books", "content_type": 13, "codename": "change_sdehsbooks"}}, {"model": "auth.permission", "pk": 39, "fields": {"name": "Can delete sdehs books", "content_type": 13, "codename": "delete_sdehsbooks"}}, {"model": "auth.permission", "pk": 40, "fields": {"name": "Can add Annual School Report", "content_type": 14, "codename": "add_asr"}}, {"model": "auth.permission", "pk": 41, "fields": {"name": "Can change Annual School Report", "content_type": 14, "codename": "change_asr"}}, {"model": "auth.permission", "pk": 42, "fields": {"name": "Can delete Annual School Report", "content_type": 14, "codename": "delete_asr"}}, {"model": "auth.permission", "pk": 43, "fields": {"name": "Can add staff", "content_type": 15, "codename": "add_staff"}}, {"model": "auth.permission", "pk": 44, "fields": {"name": "Can change staff", "content_type": 15, "codename": "change_staff"}}, {"model": "auth.permission", "pk": 45, "fields": {"name": "Can delete staff", "content_type": 15, "codename": "delete_staff"}}, {"model": "auth.permission", "pk": 46, "fields": {"name": "Can add staff", "content_type": 16, "codename": "add_staff"}}, {"model": "auth.permission", "pk": 47, "fields": {"name": "Can change staff", "content_type": 16, "codename": "change_staff"}}, {"model": "auth.permission", "pk": 48, "fields": {"name": "Can delete staff", "content_type": 16, "codename": "delete_staff"}}, {"model": "auth.permission", "pk": 49, "fields": {"name": "Can add Staff Member", "content_type": 16, "codename": "add_staffmembers"}}, {"model": "auth.permission", "pk": 50, "fields": {"name": "Can change Staff Member", "content_type": 16, "codename": "change_staffmembers"}}, {"model": "auth.permission", "pk": 51, "fields": {"name": "Can delete Staff Member", "content_type": 16, "codename": "delete_staffmembers"}}, {"model": "auth.permission", "pk": 52, "fields": {"name": "Can add student", "content_type": 17, "codename": "add_student"}}, {"model": "auth.permission", "pk": 53, "fields": {"name": "Can change student", "content_type": 17, "codename": "change_student"}}, {"model": "auth.permission", "pk": 54, "fields": {"name": "Can delete student", "content_type": 17, "codename": "delete_student"}}, {"model": "auth.permission", "pk": 55, "fields": {"name": "Can add work it out", "content_type": 18, "codename": "add_workitout"}}, {"model": "auth.permission", "pk": 56, "fields": {"name": "Can change work it out", "content_type": 18, "codename": "change_workitout"}}, {"model": "auth.permission", "pk": 57, "fields": {"name": "Can delete work it out", "content_type": 18, "codename": "delete_workitout"}}, {"model": "auth.permission", "pk": 58, "fields": {"name": "Can add behaviour tracking", "content_type": 19, "codename": "add_behaviourtracking"}}, {"model": "auth.permission", "pk": 59, "fields": {"name": "Can change behaviour tracking", "content_type": 19, "codename": "change_behaviourtracking"}}, {"model": "auth.permission", "pk": 60, "fields": {"name": "Can delete behaviour tracking", "content_type": 19, "codename": "delete_behaviourtracking"}}, {"model": "auth.user", "pk": 1, "fields": {"password": "pbkdf2_sha256$100000$ilxMzRkQbQXK$qaD0Lj13vADBt2nFWuiDfQs2o7XI4QuQLKe2nwhJVJA=", "last_login": "2018-03-14T01:58:29.795Z", "is_superuser": true, "username": "admin", "first_name": "", "last_name": "", "email": "sam.scheding1@det.nsw.edu.au", "is_staff": true, "is_active": true, "date_joined": "2017-10-14T03:05:41.958Z", "groups": [], "user_permissions": []}}, {"model": "auth.user", "pk": 2, "fields": {"password": "pbkdf2_sha256$36000$16d2MkXYNz4r$mcH48ZBhf+ugmagoA94SOqS7S9AKw8TCb3JMq8Uti44=", "last_login": "2017-11-09T22:47:12.484Z", "is_superuser": true, "username": "dirk", "first_name": "", "last_name": "", "email": "samscheding@gmail.com", "is_staff": true, "is_active": true, "date_joined": "2017-11-09T22:46:58.743Z", "groups": [], "user_permissions": []}}, {"model": "admin.logentry", "pk": 1, "fields": {"action_time": "2017-10-14T03:07:40.997Z", "user": 1, "content_type": 7, "object_id": "1", "object_repr": "2017-10-15: Beach", "action_flag": 1, "change_message": "[{\"added\": {}}]"}}, {"model": "admin.logentry", "pk": 2, "fields": {"action_time": "2017-10-14T03:11:01.436Z", "user": 1, "content_type": 7, "object_id": "2", "object_repr": "2017-10-13: This shouldn't come up", "action_flag": 1, "change_message": "[{\"added\": {}}]"}}, {"model": "admin.logentry", "pk": 3, "fields": {"action_time": "2017-10-14T03:11:26.446Z", "user": 1, "content_type": 7, "object_id": "3", "object_repr": "2017-10-26: Bloop Bloop", "action_flag": 1, "change_message": "[{\"added\": {}}]"}}, {"model": "admin.logentry", "pk": 4, "fields": {"action_time": "2017-10-14T03:14:51.739Z", "user": 1, "content_type": 7, "object_id": "4", "object_repr": "2017-11-30: Hello", "action_flag": 1, "change_message": "[{\"added\": {}}]"}}, {"model": "admin.logentry", "pk": 5, "fields": {"action_time": "2017-10-14T03:15:04.844Z", "user": 1, "content_type": 7, "object_id": "5", "object_repr": "2017-11-30: Birthday", "action_flag": 1, "change_message": "[{\"added\": {}}]"}}, {"model": "admin.logentry", "pk": 6, "fields": {"action_time": "2017-10-14T03:27:33.590Z", "user": 1, "content_type": 9, "object_id": "1", "object_repr": "Testimonial object", "action_flag": 1, "change_message": "[{\"added\": {}}]"}}, {"model": "admin.logentry", "pk": 7, "fields": {"action_time": "2017-10-14T03:27:47.269Z", "user": 1, "content_type": 9, "object_id": "2", "object_repr": "Testimonial object", "action_flag": 1, "change_message": "[{\"added\": {}}]"}}, {"model": "admin.logentry", "pk": 8, "fields": {"action_time": "2017-10-14T03:28:03.539Z", "user": 1, "content_type": 9, "object_id": "3", "object_repr": "Testimonial object", "action_flag": 1, "change_message": "[{\"added\": {}}]"}}, {"model": "admin.logentry", "pk": 9, "fields": {"action_time": "2017-10-14T07:51:51.763Z", "user": 1, "content_type": 10, "object_id": "6", "object_repr": "parricia.bronger@gmail.com", "action_flag": 3, "change_message": ""}}, {"model": "admin.logentry", "pk": 10, "fields": {"action_time": "2017-10-14T07:52:36.650Z", "user": 1, "content_type": 7, "object_id": "6", "object_repr": "2017-10-15: Lick My Buttohole", "action_flag": 1, "change_message": "[{\"added\": {}}]"}}, {"model": "admin.logentry", "pk": 11, "fields": {"action_time": "2017-10-14T07:56:11.953Z", "user": 1, "content_type": 7, "object_id": "6", "object_repr": "2017-10-15: Lick My Buttohole", "action_flag": 3, "change_message": ""}}, {"model": "admin.logentry", "pk": 12, "fields": {"action_time": "2017-10-14T07:56:49.274Z", "user": 1, "content_type": 7, "object_id": "7", "object_repr": "2017-10-18: Parricia's awesome day of fun", "action_flag": 1, "change_message": "[{\"added\": {}}]"}}, {"model": "admin.logentry", "pk": 13, "fields": {"action_time": "2017-10-15T23:26:22.695Z", "user": 1, "content_type": 7, "object_id": "8", "object_repr": "2017-10-15: DAVES DAY OF FUN", "action_flag": 1, "change_message": "[{\"added\": {}}]"}}, {"model": "admin.logentry", "pk": 14, "fields": {"action_time": "2017-10-15T23:36:42.548Z", "user": 1, "content_type": 7, "object_id": "9", "object_repr": "2017-10-17: Tomorrow", "action_flag": 1, "change_message": "[{\"added\": {}}]"}}, {"model": "admin.logentry", "pk": 15, "fields": {"action_time": "2017-10-17T04:48:34.057Z", "user": 1, "content_type": 7, "object_id": "10", "object_repr": "2017-10-17: afd", "action_flag": 1, "change_message": "[{\"added\": {}}]"}}, {"model": "admin.logentry", "pk": 16, "fields": {"action_time": "2017-10-18T00:57:24.360Z", "user": 1, "content_type": 7, "object_id": "11", "object_repr": "2017-10-18: Franks Super Cool Event", "action_flag": 1, "change_message": "[{\"added\": {}}]"}}, {"model": "admin.logentry", "pk": 17, "fields": {"action_time": "2017-10-19T23:29:27.410Z", "user": 1, "content_type": 12, "object_id": "1", "object_repr": "Gallery object", "action_flag": 1, "change_message": "[{\"added\": {}}]"}}, {"model": "admin.logentry", "pk": 18, "fields": {"action_time": "2017-10-19T23:33:14.382Z", "user": 1, "content_type": 12, "object_id": "2", "object_repr": "Cooking", "action_flag": 1, "change_message": "[{\"added\": {}}]"}}, {"model": "admin.logentry", "pk": 19, "fields": {"action_time": "2017-10-19T23:37:07.265Z", "user": 1, "content_type": 11, "object_id": "1", "object_repr": "media/index_KZXVzLP.png", "action_flag": 1, "change_message": "[{\"added\": {}}]"}}, {"model": "admin.logentry", "pk": 20, "fields": {"action_time": "2017-10-19T23:43:10.801Z", "user": 1, "content_type": 11, "object_id": "2", "object_repr": "media/TPsCXNi.jpg", "action_flag": 1, "change_message": "[{\"added\": {}}]"}}, {"model": "admin.logentry", "pk": 21, "fields": {"action_time": "2017-10-20T02:52:36.336Z", "user": 1, "content_type": 11, "object_id": "3", "object_repr": "TPsCXNi.jpg", "action_flag": 1, "change_message": "[{\"added\": {}}]"}}, {"model": "admin.logentry", "pk": 22, "fields": {"action_time": "2017-10-20T03:02:07.032Z", "user": 1, "content_type": 11, "object_id": "3", "object_repr": "TPsCXNi.jpg", "action_flag": 3, "change_message": ""}}, {"model": "admin.logentry", "pk": 23, "fields": {"action_time": "2017-10-20T03:02:07.142Z", "user": 1, "content_type": 11, "object_id": "2", "object_repr": "media/TPsCXNi.jpg", "action_flag": 3, "change_message": ""}}, {"model": "admin.logentry", "pk": 24, "fields": {"action_time": "2017-10-20T03:02:07.227Z", "user": 1, "content_type": 11, "object_id": "1", "object_repr": "media/index_KZXVzLP.png", "action_flag": 3, "change_message": ""}}, {"model": "admin.logentry", "pk": 25, "fields": {"action_time": "2017-10-20T03:05:58.004Z", "user": 1, "content_type": 11, "object_id": "1", "object_repr": "gallery/None/TPsCXNi.jpg", "action_flag": 1, "change_message": "[{\"added\": {}}]"}}, {"model": "admin.logentry", "pk": 26, "fields": {"action_time": "2017-10-20T03:06:59.052Z", "user": 1, "content_type": 11, "object_id": "1", "object_repr": "gallery/None/TPsCXNi.jpg", "action_flag": 3, "change_message": ""}}, {"model": "admin.logentry", "pk": 27, "fields": {"action_time": "2017-10-20T03:08:42.525Z", "user": 1, "content_type": 11, "object_id": "2", "object_repr": "gallery/TPsCXNi.jpg", "action_flag": 1, "change_message": "[{\"added\": {}}]"}}, {"model": "admin.logentry", "pk": 28, "fields": {"action_time": "2017-10-20T03:24:28.567Z", "user": 1, "content_type": 7, "object_id": "12", "object_repr": "2017-10-20: asdfa", "action_flag": 1, "change_message": "[{\"added\": {}}]"}}, {"model": "admin.logentry", "pk": 29, "fields": {"action_time": "2017-10-23T02:16:06.177Z", "user": 1, "content_type": 13, "object_id": "1", "object_repr": "SDEHSBooks object", "action_flag": 1, "change_message": "[{\"added\": {}}]"}}, {"model": "admin.logentry", "pk": 30, "fields": {"action_time": "2017-10-24T22:33:25.401Z", "user": 1, "content_type": 7, "object_id": "13", "object_repr": "2017-10-24: Cassie goes to the beach", "action_flag": 1, "change_message": "[{\"added\": {}}]"}}, {"model": "admin.logentry", "pk": 31, "fields": {"action_time": "2017-10-24T22:34:11.021Z", "user": 1, "content_type": 12, "object_id": "3", "object_repr": "Gardening", "action_flag": 1, "change_message": "[{\"added\": {}}]"}}, {"model": "admin.logentry", "pk": 32, "fields": {"action_time": "2017-10-24T22:34:31.095Z", "user": 1, "content_type": 11, "object_id": "3", "object_repr": "gallery/TPsCXNi_koaGsu7.jpg", "action_flag": 1, "change_message": "[{\"added\": {}}]"}}, {"model": "admin.logentry", "pk": 33, "fields": {"action_time": "2017-10-24T23:06:48.422Z", "user": 1, "content_type": 8, "object_id": "1", "object_repr": "Centennial Park School Newsletter - 2016 - Term 4", "action_flag": 1, "change_message": "[{\"added\": {}}]"}}, {"model": "admin.logentry", "pk": 34, "fields": {"action_time": "2017-10-25T09:58:55.201Z", "user": 1, "content_type": 15, "object_id": "1", "object_repr": "Luca Rizzo", "action_flag": 1, "change_message": "[{\"added\": {}}]"}}, {"model": "admin.logentry", "pk": 35, "fields": {"action_time": "2017-10-25T09:59:40.195Z", "user": 1, "content_type": 15, "object_id": "2", "object_repr": "Andrew Russo", "action_flag": 1, "change_message": "[{\"added\": {}}]"}}, {"model": "admin.logentry", "pk": 36, "fields": {"action_time": "2017-10-26T23:10:11.757Z", "user": 1, "content_type": 16, "object_id": "1", "object_repr": "Andrew Russo", "action_flag": 1, "change_message": "[{\"added\": {}}]"}}, {"model": "admin.logentry", "pk": 37, "fields": {"action_time": "2017-10-26T23:10:56.241Z", "user": 1, "content_type": 16, "object_id": "2", "object_repr": "Luca Rizzo", "action_flag": 1, "change_message": "[{\"added\": {}}]"}}, {"model": "admin.logentry", "pk": 38, "fields": {"action_time": "2017-10-28T00:15:47.430Z", "user": 1, "content_type": 16, "object_id": "2", "object_repr": "Luca Rizzo", "action_flag": 2, "change_message": "[{\"changed\": {\"fields\": [\"blurb\"]}}]"}}, {"model": "admin.logentry", "pk": 39, "fields": {"action_time": "2017-10-28T02:30:26.616Z", "user": 1, "content_type": 16, "object_id": "3", "object_repr": "Sam", "action_flag": 1, "change_message": "[{\"added\": {}}]"}}, {"model": "admin.logentry", "pk": 40, "fields": {"action_time": "2017-10-28T02:45:45.721Z", "user": 1, "content_type": 16, "object_id": "4", "object_repr": "Dave", "action_flag": 1, "change_message": "[{\"added\": {}}]"}}, {"model": "admin.logentry", "pk": 41, "fields": {"action_time": "2017-10-28T03:05:05.238Z", "user": 1, "content_type": 8, "object_id": "1", "object_repr": "newsletters/Centennial_Park_School_Newsletter_-_2016_-_Term_4.pdf", "action_flag": 3, "change_message": ""}}, {"model": "admin.logentry", "pk": 42, "fields": {"action_time": "2017-10-28T03:06:15.543Z", "user": 1, "content_type": 8, "object_id": "1", "object_repr": "newsletters/Centennial_Park_School_Newsletter_-_2016_-_Term_4_2IG2CBe.pdf", "action_flag": 1, "change_message": "[{\"added\": {}}]"}}, {"model": "admin.logentry", "pk": 43, "fields": {"action_time": "2017-10-28T07:27:59.170Z", "user": 1, "content_type": 7, "object_id": "14", "object_repr": "2017-10-28: new event", "action_flag": 1, "change_message": "[{\"added\": {}}]"}}, {"model": "admin.logentry", "pk": 44, "fields": {"action_time": "2017-10-29T22:46:38.132Z", "user": 1, "content_type": 16, "object_id": "5", "object_repr": "Nicole", "action_flag": 1, "change_message": "[{\"added\": {}}]"}}, {"model": "admin.logentry", "pk": 45, "fields": {"action_time": "2017-10-29T22:48:16.990Z", "user": 1, "content_type": 7, "object_id": "15", "object_repr": "2017-10-29: Sailing", "action_flag": 1, "change_message": "[{\"added\": {}}]"}}, {"model": "admin.logentry", "pk": 46, "fields": {"action_time": "2017-10-29T23:47:16.714Z", "user": 1, "content_type": 11, "object_id": "3", "object_repr": "Gardening: gallery/TPsCXNi_koaGsu7.jpg", "action_flag": 3, "change_message": ""}}, {"model": "admin.logentry", "pk": 47, "fields": {"action_time": "2017-10-29T23:47:16.888Z", "user": 1, "content_type": 11, "object_id": "2", "object_repr": "Sport: gallery/TPsCXNi.jpg", "action_flag": 3, "change_message": ""}}, {"model": "admin.logentry", "pk": 48, "fields": {"action_time": "2017-10-29T23:47:29.542Z", "user": 1, "content_type": 11, "object_id": "4", "object_repr": "Sport: gallery/<django.db.models.fields.related.ForeignKey>/TPsCXNi.jpg", "action_flag": 1, "change_message": "[{\"added\": {}}]"}}, {"model": "admin.logentry", "pk": 49, "fields": {"action_time": "2017-10-29T23:48:53.711Z", "user": 1, "content_type": 11, "object_id": "4", "object_repr": "Sport: gallery/<django.db.models.fields.related.ForeignKey>/TPsCXNi.jpg", "action_flag": 3, "change_message": ""}}, {"model": "admin.logentry", "pk": 50, "fields": {"action_time": "2017-10-29T23:49:10.819Z", "user": 1, "content_type": 11, "object_id": "5", "object_repr": "Sport: gallery/TPsCXNi.jpg", "action_flag": 1, "change_message": "[{\"added\": {}}]"}}, {"model": "admin.logentry", "pk": 51, "fields": {"action_time": "2017-10-30T00:48:41.617Z", "user": 1, "content_type": 12, "object_id": "4", "object_repr": "Staff", "action_flag": 1, "change_message": "[{\"added\": {}}]"}}, {"model": "admin.logentry", "pk": 52, "fields": {"action_time": "2017-10-30T00:48:44.270Z", "user": 1, "content_type": 11, "object_id": "6", "object_repr": "Staff: gallery/IMG_2811.JPG", "action_flag": 1, "change_message": "[{\"added\": {}}]"}}, {"model": "admin.logentry", "pk": 53, "fields": {"action_time": "2017-10-30T00:49:49.055Z", "user": 1, "content_type": 11, "object_id": "7", "object_repr": "Staff: gallery/IMG_4683.JPG", "action_flag": 1, "change_message": "[{\"added\": {}}]"}}, {"model": "admin.logentry", "pk": 54, "fields": {"action_time": "2017-10-30T01:42:57.888Z", "user": 1, "content_type": 12, "object_id": "1", "object_repr": "1: Sport", "action_flag": 3, "change_message": ""}}, {"model": "admin.logentry", "pk": 55, "fields": {"action_time": "2017-10-30T01:43:05.242Z", "user": 1, "content_type": 12, "object_id": "5", "object_repr": "5: Sport", "action_flag": 1, "change_message": "[{\"added\": {}}]"}}, {"model": "admin.logentry", "pk": 56, "fields": {"action_time": "2017-10-30T01:54:08.440Z", "user": 1, "content_type": 11, "object_id": "8", "object_repr": "Sport: gallery/Earth__Mir_STS-71.jpg", "action_flag": 1, "change_message": "[{\"added\": {}}]"}}, {"model": "admin.logentry", "pk": 57, "fields": {"action_time": "2017-10-30T01:54:39.162Z", "user": 1, "content_type": 11, "object_id": "9", "object_repr": "Cooking: gallery/IMG_4683_774QZUA.JPG", "action_flag": 1, "change_message": "[{\"added\": {}}]"}}, {"model": "admin.logentry", "pk": 58, "fields": {"action_time": "2017-10-30T01:55:30.346Z", "user": 1, "content_type": 11, "object_id": "10", "object_repr": "Cooking: gallery/IMG_2811_nb71eO0.JPG", "action_flag": 1, "change_message": "[{\"added\": {}}]"}}, {"model": "admin.logentry", "pk": 59, "fields": {"action_time": "2017-10-31T04:13:39.936Z", "user": 1, "content_type": 16, "object_id": "6", "object_repr": "Glenys", "action_flag": 1, "change_message": "[{\"added\": {}}]"}}, {"model": "admin.logentry", "pk": 60, "fields": {"action_time": "2017-10-31T23:43:25.141Z", "user": 1, "content_type": 16, "object_id": "7", "object_repr": "Sam", "action_flag": 1, "change_message": "[{\"added\": {}}]"}}, {"model": "admin.logentry", "pk": 61, "fields": {"action_time": "2017-11-01T07:38:28.977Z", "user": 1, "content_type": 12, "object_id": "6", "object_repr": "6: asfdl;adskl;fs", "action_flag": 1, "change_message": "[{\"added\": {}}]"}}, {"model": "admin.logentry", "pk": 62, "fields": {"action_time": "2017-11-09T22:48:16.135Z", "user": 2, "content_type": 7, "object_id": "16", "object_repr": "2017-11-09: Seaview Gallery Opening", "action_flag": 1, "change_message": "[{\"added\": {}}]"}}, {"model": "admin.logentry", "pk": 63, "fields": {"action_time": "2017-11-09T22:50:31.980Z", "user": 2, "content_type": 16, "object_id": "8", "object_repr": "Annie", "action_flag": 1, "change_message": "[{\"added\": {}}]"}}, {"model": "admin.logentry", "pk": 64, "fields": {"action_time": "2017-11-10T00:36:44.045Z", "user": 2, "content_type": 16, "object_id": "9", "object_repr": "MO", "action_flag": 1, "change_message": "[{\"added\": {}}]"}}, {"model": "admin.logentry", "pk": 65, "fields": {"action_time": "2017-11-10T01:01:49.167Z", "user": 2, "content_type": 16, "object_id": "10", "object_repr": "Frank", "action_flag": 1, "change_message": "[{\"added\": {}}]"}}, {"model": "admin.logentry", "pk": 66, "fields": {"action_time": "2017-11-10T01:02:28.498Z", "user": 2, "content_type": 16, "object_id": "11", "object_repr": "Andrew", "action_flag": 1, "change_message": "[{\"added\": {}}]"}}, {"model": "admin.logentry", "pk": 67, "fields": {"action_time": "2017-11-10T01:02:59.280Z", "user": 2, "content_type": 16, "object_id": "12", "object_repr": "Brooke", "action_flag": 1, "change_message": "[{\"added\": {}}]"}}, {"model": "admin.logentry", "pk": 68, "fields": {"action_time": "2017-11-10T01:13:20.094Z", "user": 2, "content_type": 16, "object_id": "12", "object_repr": "Brooke", "action_flag": 3, "change_message": ""}}, {"model": "admin.logentry", "pk": 69, "fields": {"action_time": "2017-11-10T01:13:20.201Z", "user": 2, "content_type": 16, "object_id": "11", "object_repr": "Andrew", "action_flag": 3, "change_message": ""}}, {"model": "admin.logentry", "pk": 70, "fields": {"action_time": "2017-11-10T01:13:20.289Z", "user": 2, "content_type": 16, "object_id": "10", "object_repr": "Frank", "action_flag": 3, "change_message": ""}}, {"model": "admin.logentry", "pk": 71, "fields": {"action_time": "2017-11-10T01:13:20.378Z", "user": 2, "content_type": 16, "object_id": "9", "object_repr": "MO", "action_flag": 3, "change_message": ""}}, {"model": "admin.logentry", "pk": 72, "fields": {"action_time": "2017-11-10T01:13:20.468Z", "user": 2, "content_type": 16, "object_id": "8", "object_repr": "Annie", "action_flag": 3, "change_message": ""}}, {"model": "admin.logentry", "pk": 73, "fields": {"action_time": "2017-11-10T01:13:20.556Z", "user": 2, "content_type": 16, "object_id": "7", "object_repr": "Sam", "action_flag": 3, "change_message": ""}}, {"model": "admin.logentry", "pk": 74, "fields": {"action_time": "2017-11-10T01:13:20.642Z", "user": 2, "content_type": 16, "object_id": "6", "object_repr": "Glenys", "action_flag": 3, "change_message": ""}}, {"model": "admin.logentry", "pk": 75, "fields": {"action_time": "2017-11-10T01:13:20.732Z", "user": 2, "content_type": 16, "object_id": "5", "object_repr": "Nicole", "action_flag": 3, "change_message": ""}}, {"model": "admin.logentry", "pk": 76, "fields": {"action_time": "2017-11-10T01:13:20.811Z", "user": 2, "content_type": 16, "object_id": "4", "object_repr": "Dave", "action_flag": 3, "change_message": ""}}, {"model": "admin.logentry", "pk": 77, "fields": {"action_time": "2017-11-10T01:13:20.888Z", "user": 2, "content_type": 16, "object_id": "3", "object_repr": "Sam", "action_flag": 3, "change_message": ""}}, {"model": "admin.logentry", "pk": 78, "fields": {"action_time": "2017-11-10T01:13:20.966Z", "user": 2, "content_type": 16, "object_id": "2", "object_repr": "Luca Rizzo", "action_flag": 3, "change_message": ""}}, {"model": "admin.logentry", "pk": 79, "fields": {"action_time": "2017-11-10T01:13:21.140Z", "user": 2, "content_type": 16, "object_id": "1", "object_repr": "Andrew Russo", "action_flag": 3, "change_message": ""}}, {"model": "admin.logentry", "pk": 80, "fields": {"action_time": "2017-11-10T01:13:41.758Z", "user": 2, "content_type": 12, "object_id": "6", "object_repr": "6: asfdl;adskl;fs", "action_flag": 3, "change_message": ""}}, {"model": "admin.logentry", "pk": 81, "fields": {"action_time": "2017-11-10T01:13:41.844Z", "user": 2, "content_type": 12, "object_id": "5", "object_repr": "5: Sport", "action_flag": 3, "change_message": ""}}, {"model": "admin.logentry", "pk": 82, "fields": {"action_time": "2017-11-10T01:13:41.932Z", "user": 2, "content_type": 12, "object_id": "4", "object_repr": "4: Staff", "action_flag": 3, "change_message": ""}}, {"model": "admin.logentry", "pk": 83, "fields": {"action_time": "2017-11-10T01:13:42.021Z", "user": 2, "content_type": 12, "object_id": "3", "object_repr": "3: Gardening", "action_flag": 3, "change_message": ""}}, {"model": "admin.logentry", "pk": 84, "fields": {"action_time": "2017-11-10T01:13:42.110Z", "user": 2, "content_type": 12, "object_id": "2", "object_repr": "2: Cooking", "action_flag": 3, "change_message": ""}}, {"model": "admin.logentry", "pk": 85, "fields": {"action_time": "2017-11-10T01:13:56.019Z", "user": 2, "content_type": 9, "object_id": "3", "object_repr": "Testimonial object", "action_flag": 3, "change_message": ""}}, {"model": "admin.logentry", "pk": 86, "fields": {"action_time": "2017-11-10T01:13:56.133Z", "user": 2, "content_type": 9, "object_id": "2", "object_repr": "Testimonial object", "action_flag": 3, "change_message": ""}}, {"model": "admin.logentry", "pk": 87, "fields": {"action_time": "2017-11-10T01:13:56.224Z", "user": 2, "content_type": 9, "object_id": "1", "object_repr": "Testimonial object", "action_flag": 3, "change_message": ""}}, {"model": "admin.logentry", "pk": 88, "fields": {"action_time": "2017-11-10T01:14:16.805Z", "user": 2, "content_type": 10, "object_id": "8", "object_repr": "scheding@bigpond.com", "action_flag": 3, "change_message": ""}}, {"model": "admin.logentry", "pk": 89, "fields": {"action_time": "2017-11-10T01:14:16.922Z", "user": 2, "content_type": 10, "object_id": "7", "object_repr": "frank.reti@det.nsw.edu.au", "action_flag": 3, "change_message": ""}}, {"model": "admin.logentry", "pk": 90, "fields": {"action_time": "2017-11-10T01:14:17.002Z", "user": 2, "content_type": 10, "object_id": "5", "object_repr": "new@email.com", "action_flag": 3, "change_message": ""}}, {"model": "admin.logentry", "pk": 91, "fields": {"action_time": "2017-11-10T01:14:17.080Z", "user": 2, "content_type": 10, "object_id": "4", "object_repr": "321@321.com", "action_flag": 3, "change_message": ""}}, {"model": "admin.logentry", "pk": 92, "fields": {"action_time": "2017-11-10T01:14:17.157Z", "user": 2, "content_type": 10, "object_id": "3", "object_repr": "123@123.cm", "action_flag": 3, "change_message": ""}}, {"model": "admin.logentry", "pk": 93, "fields": {"action_time": "2017-11-10T01:14:17.246Z", "user": 2, "content_type": 10, "object_id": "2", "object_repr": "sam.scheding1@det.nsw.edu.au", "action_flag": 3, "change_message": ""}}, {"model": "admin.logentry", "pk": 94, "fields": {"action_time": "2017-11-10T01:14:17.311Z", "user": 2, "content_type": 10, "object_id": "1", "object_repr": "samscheding@gmail.com", "action_flag": 3, "change_message": ""}}, {"model": "admin.logentry", "pk": 95, "fields": {"action_time": "2017-11-11T09:59:06.722Z", "user": 2, "content_type": 7, "object_id": "17", "object_repr": "2017-11-11: Party at samns", "action_flag": 1, "change_message": "[{\"added\": {}}]"}}, {"model": "admin.logentry", "pk": 96, "fields": {"action_time": "2018-01-30T05:16:54.282Z", "user": 1, "content_type": 16, "object_id": "13", "object_repr": "Sam", "action_flag": 1, "change_message": "[{\"added\": {}}]"}}, {"model": "admin.logentry", "pk": 97, "fields": {"action_time": "2018-01-30T05:19:44.380Z", "user": 1, "content_type": 16, "object_id": "14", "object_repr": "Andrew", "action_flag": 1, "change_message": "[{\"added\": {}}]"}}, {"model": "admin.logentry", "pk": 98, "fields": {"action_time": "2018-01-30T05:20:36.473Z", "user": 1, "content_type": 16, "object_id": "15", "object_repr": "Hello", "action_flag": 1, "change_message": "[{\"added\": {}}]"}}, {"model": "admin.logentry", "pk": 99, "fields": {"action_time": "2018-01-30T05:24:15.204Z", "user": 1, "content_type": 16, "object_id": "16", "object_repr": "Frank", "action_flag": 1, "change_message": "[{\"added\": {}}]"}}, {"model": "admin.logentry", "pk": 100, "fields": {"action_time": "2018-01-30T05:26:12.830Z", "user": 1, "content_type": 16, "object_id": "17", "object_repr": "Annie - Teaching", "action_flag": 1, "change_message": "[{\"added\": {}}]"}}, {"model": "admin.logentry", "pk": 101, "fields": {"action_time": "2018-02-02T02:47:15.949Z", "user": 1, "content_type": 17, "object_id": "2", "object_repr": "Sam Scheding C1", "action_flag": 3, "change_message": ""}}, {"model": "admin.logentry", "pk": 102, "fields": {"action_time": "2018-02-02T02:47:16.043Z", "user": 1, "content_type": 17, "object_id": "1", "object_repr": "Sam Scheding C1", "action_flag": 3, "change_message": ""}}, {"model": "admin.logentry", "pk": 103, "fields": {"action_time": "2018-02-02T02:54:36.042Z", "user": 1, "content_type": 17, "object_id": "3", "object_repr": "Sam Scheding C1", "action_flag": 3, "change_message": ""}}, {"model": "admin.logentry", "pk": 104, "fields": {"action_time": "2018-02-03T06:17:39.893Z", "user": 1, "content_type": 17, "object_id": "7", "object_repr": "Parricia Bronger C2", "action_flag": 3, "change_message": ""}}, {"model": "admin.logentry", "pk": 105, "fields": {"action_time": "2018-02-03T06:17:39.969Z", "user": 1, "content_type": 17, "object_id": "6", "object_repr": "Sam Scheding C1", "action_flag": 3, "change_message": ""}}, {"model": "admin.logentry", "pk": 106, "fields": {"action_time": "2018-02-03T06:17:40.037Z", "user": 1, "content_type": 17, "object_id": "5", "object_repr": "Sam Scheding C1", "action_flag": 3, "change_message": ""}}, {"model": "admin.logentry", "pk": 107, "fields": {"action_time": "2018-02-03T06:17:40.115Z", "user": 1, "content_type": 17, "object_id": "4", "object_repr": "Sam Scheding C1", "action_flag": 3, "change_message": ""}}, {"model": "admin.logentry", "pk": 108, "fields": {"action_time": "2018-02-04T23:13:55.109Z", "user": 1, "content_type": 16, "object_id": "18", "object_repr": "No - Teaching", "action_flag": 1, "change_message": "[{\"added\": {}}]"}}, {"model": "admin.logentry", "pk": 109, "fields": {"action_time": "2018-02-04T23:19:47.886Z", "user": 1, "content_type": 16, "object_id": "18", "object_repr": "No - Teaching", "action_flag": 3, "change_message": ""}}, {"model": "admin.logentry", "pk": 110, "fields": {"action_time": "2018-02-04T23:19:48.010Z", "user": 1, "content_type": 16, "object_id": "17", "object_repr": "Annie - Teaching", "action_flag": 3, "change_message": ""}}, {"model": "admin.logentry", "pk": 111, "fields": {"action_time": "2018-02-04T23:19:48.099Z", "user": 1, "content_type": 16, "object_id": "16", "object_repr": "Frank - Teaching", "action_flag": 3, "change_message": ""}}, {"model": "admin.logentry", "pk": 112, "fields": {"action_time": "2018-02-04T23:19:48.187Z", "user": 1, "content_type": 16, "object_id": "15", "object_repr": "Hello - Teaching", "action_flag": 3, "change_message": ""}}, {"model": "admin.logentry", "pk": 113, "fields": {"action_time": "2018-02-04T23:19:48.276Z", "user": 1, "content_type": 16, "object_id": "14", "object_repr": "Andrew - Teaching", "action_flag": 3, "change_message": ""}}, {"model": "admin.logentry", "pk": 114, "fields": {"action_time": "2018-02-04T23:19:48.364Z", "user": 1, "content_type": 16, "object_id": "13", "object_repr": "Sam - Non-Teaching", "action_flag": 3, "change_message": ""}}, {"model": "admin.logentry", "pk": 115, "fields": {"action_time": "2018-02-04T23:29:19.443Z", "user": 1, "content_type": 8, "object_id": "1", "object_repr": "newsletters/Centennial_Park_School_Newsletter_-_2016_-_Term_4_2IG2CBe.pdf", "action_flag": 3, "change_message": ""}}, {"model": "admin.logentry", "pk": 116, "fields": {"action_time": "2018-02-04T23:30:03.692Z", "user": 1, "content_type": 7, "object_id": "17", "object_repr": "2017-11-11: Party at samns", "action_flag": 3, "change_message": ""}}, {"model": "admin.logentry", "pk": 117, "fields": {"action_time": "2018-02-04T23:30:03.805Z", "user": 1, "content_type": 7, "object_id": "16", "object_repr": "2017-11-09: Seaview Gallery Opening", "action_flag": 3, "change_message": ""}}, {"model": "admin.logentry", "pk": 118, "fields": {"action_time": "2018-02-04T23:30:03.902Z", "user": 1, "content_type": 7, "object_id": "15", "object_repr": "2017-10-29: Sailing", "action_flag": 3, "change_message": ""}}, {"model": "admin.logentry", "pk": 119, "fields": {"action_time": "2018-02-04T23:30:03.992Z", "user": 1, "content_type": 7, "object_id": "14", "object_repr": "2017-10-28: new event", "action_flag": 3, "change_message": ""}}, {"model": "admin.logentry", "pk": 120, "fields": {"action_time": "2018-02-04T23:30:04.092Z", "user": 1, "content_type": 7, "object_id": "13", "object_repr": "2017-10-24: Cassie goes to the beach", "action_flag": 3, "change_message": ""}}, {"model": "admin.logentry", "pk": 121, "fields": {"action_time": "2018-02-04T23:30:04.191Z", "user": 1, "content_type": 7, "object_id": "12", "object_repr": "2017-10-20: asdfa", "action_flag": 3, "change_message": ""}}, {"model": "admin.logentry", "pk": 122, "fields": {"action_time": "2018-02-04T23:30:04.281Z", "user": 1, "content_type": 7, "object_id": "11", "object_repr": "2017-10-18: Franks Super Cool Event", "action_flag": 3, "change_message": ""}}, {"model": "admin.logentry", "pk": 123, "fields": {"action_time": "2018-02-04T23:30:04.369Z", "user": 1, "content_type": 7, "object_id": "10", "object_repr": "2017-10-17: afd", "action_flag": 3, "change_message": ""}}, {"model": "admin.logentry", "pk": 124, "fields": {"action_time": "2018-02-04T23:30:04.458Z", "user": 1, "content_type": 7, "object_id": "9", "object_repr": "2017-10-17: Tomorrow", "action_flag": 3, "change_message": ""}}, {"model": "admin.logentry", "pk": 125, "fields": {"action_time": "2018-02-04T23:30:04.547Z", "user": 1, "content_type": 7, "object_id": "8", "object_repr": "2017-10-15: DAVES DAY OF FUN", "action_flag": 3, "change_message": ""}}, {"model": "admin.logentry", "pk": 126, "fields": {"action_time": "2018-02-04T23:30:04.635Z", "user": 1, "content_type": 7, "object_id": "7", "object_repr": "2017-10-18: Parricia's awesome day of fun", "action_flag": 3, "change_message": ""}}, {"model": "admin.logentry", "pk": 127, "fields": {"action_time": "2018-02-04T23:30:04.724Z", "user": 1, "content_type": 7, "object_id": "5", "object_repr": "2017-11-30: Birthday", "action_flag": 3, "change_message": ""}}, {"model": "admin.logentry", "pk": 128, "fields": {"action_time": "2018-02-04T23:30:04.812Z", "user": 1, "content_type": 7, "object_id": "4", "object_repr": "2017-11-30: Hello", "action_flag": 3, "change_message": ""}}, {"model": "admin.logentry", "pk": 129, "fields": {"action_time": "2018-02-04T23:30:04.901Z", "user": 1, "content_type": 7, "object_id": "3", "object_repr": "2017-10-26: Bloop Bloop", "action_flag": 3, "change_message": ""}}, {"model": "admin.logentry", "pk": 130, "fields": {"action_time": "2018-02-04T23:30:04.989Z", "user": 1, "content_type": 7, "object_id": "2", "object_repr": "2017-10-13: This shouldn't come up", "action_flag": 3, "change_message": ""}}, {"model": "admin.logentry", "pk": 131, "fields": {"action_time": "2018-02-04T23:30:05.078Z", "user": 1, "content_type": 7, "object_id": "1", "object_repr": "2017-10-15: Beach", "action_flag": 3, "change_message": ""}}, {"model": "admin.logentry", "pk": 132, "fields": {"action_time": "2018-02-04T23:30:36.769Z", "user": 1, "content_type": 7, "object_id": "18", "object_repr": "2018-02-05: Cool Stuff", "action_flag": 1, "change_message": "[{\"added\": {}}]"}}, {"model": "admin.logentry", "pk": 133, "fields": {"action_time": "2018-02-04T23:30:56.345Z", "user": 1, "content_type": 7, "object_id": "18", "object_repr": "2018-02-05: Cool Stuff", "action_flag": 3, "change_message": ""}}, {"model": "admin.logentry", "pk": 134, "fields": {"action_time": "2018-02-04T23:38:33.288Z", "user": 1, "content_type": 19, "object_id": "4", "object_repr": "BehaviourTracking object (4)", "action_flag": 3, "change_message": ""}}, {"model": "admin.logentry", "pk": 135, "fields": {"action_time": "2018-02-04T23:38:33.382Z", "user": 1, "content_type": 19, "object_id": "3", "object_repr": "BehaviourTracking object (3)", "action_flag": 3, "change_message": ""}}, {"model": "admin.logentry", "pk": 136, "fields": {"action_time": "2018-02-04T23:38:33.471Z", "user": 1, "content_type": 19, "object_id": "2", "object_repr": "BehaviourTracking object (2)", "action_flag": 3, "change_message": ""}}, {"model": "admin.logentry", "pk": 137, "fields": {"action_time": "2018-02-04T23:38:33.559Z", "user": 1, "content_type": 19, "object_id": "1", "object_repr": "BehaviourTracking object (1)", "action_flag": 3, "change_message": ""}}, {"model": "admin.logentry", "pk": 138, "fields": {"action_time": "2018-02-04T23:38:42.354Z", "user": 1, "content_type": 18, "object_id": "2", "object_repr": "WorkItOut object (2)", "action_flag": 3, "change_message": ""}}, {"model": "admin.logentry", "pk": 139, "fields": {"action_time": "2018-02-04T23:38:42.482Z", "user": 1, "content_type": 18, "object_id": "1", "object_repr": "WorkItOut object (1)", "action_flag": 3, "change_message": ""}}, {"model": "admin.logentry", "pk": 140, "fields": {"action_time": "2018-02-04T23:38:52.886Z", "user": 1, "content_type": 17, "object_id": "14", "object_repr": "C2 Sam 2", "action_flag": 3, "change_message": ""}}, {"model": "admin.logentry", "pk": 141, "fields": {"action_time": "2018-02-04T23:38:53.009Z", "user": 1, "content_type": 17, "object_id": "13", "object_repr": "C5 Sam Scheding", "action_flag": 3, "change_message": ""}}, {"model": "admin.logentry", "pk": 142, "fields": {"action_time": "2018-02-04T23:38:53.142Z", "user": 1, "content_type": 17, "object_id": "12", "object_repr": "C1 Hello World", "action_flag": 3, "change_message": ""}}, {"model": "admin.logentry", "pk": 143, "fields": {"action_time": "2018-02-04T23:38:53.231Z", "user": 1, "content_type": 17, "object_id": "11", "object_repr": "C2 Parricia Bronger", "action_flag": 3, "change_message": ""}}, {"model": "admin.logentry", "pk": 144, "fields": {"action_time": "2018-02-04T23:38:53.319Z", "user": 1, "content_type": 17, "object_id": "10", "object_repr": "C2 Parricia Bronger", "action_flag": 3, "change_message": ""}}, {"model": "admin.logentry", "pk": 145, "fields": {"action_time": "2018-02-04T23:38:53.375Z", "user": 1, "content_type": 17, "object_id": "9", "object_repr": "C1 Sam Scheding", "action_flag": 3, "change_message": ""}}, {"model": "admin.logentry", "pk": 146, "fields": {"action_time": "2018-02-04T23:38:53.439Z", "user": 1, "content_type": 17, "object_id": "8", "object_repr": "C1 Sam Scheding", "action_flag": 3, "change_message": ""}}, {"model": "admin.logentry", "pk": 147, "fields": {"action_time": "2018-02-05T01:06:04.542Z", "user": 1, "content_type": 16, "object_id": "19", "object_repr": "Annie Bierzynski - Teaching", "action_flag": 1, "change_message": "[{\"added\": {}}]"}}, {"model": "admin.logentry", "pk": 148, "fields": {"action_time": "2018-02-05T01:54:40.225Z", "user": 1, "content_type": 16, "object_id": "20", "object_repr": "Annie - Teaching", "action_flag": 1, "change_message": "[{\"added\": {}}]"}}, {"model": "admin.logentry", "pk": 149, "fields": {"action_time": "2018-02-05T01:55:09.337Z", "user": 1, "content_type": 16, "object_id": "19", "object_repr": "Annie Bierzynski - Teaching", "action_flag": 3, "change_message": ""}}, {"model": "admin.logentry", "pk": 150, "fields": {"action_time": "2018-02-05T04:27:49.153Z", "user": 1, "content_type": 12, "object_id": "7", "object_repr": "7: Centennial Park School", "action_flag": 1, "change_message": "[{\"added\": {}}]"}}, {"model": "admin.logentry", "pk": 151, "fields": {"action_time": "2018-02-06T23:58:34.076Z", "user": 1, "content_type": 16, "object_id": "21", "object_repr": "Luca - Teaching", "action_flag": 1, "change_message": "[{\"added\": {}}]"}}, {"model": "admin.logentry", "pk": 152, "fields": {"action_time": "2018-02-06T23:58:42.027Z", "user": 1, "content_type": 16, "object_id": "21", "object_repr": "Luca - Teaching", "action_flag": 2, "change_message": "[]"}}, {"model": "admin.logentry", "pk": 153, "fields": {"action_time": "2018-02-07T00:39:26.842Z", "user": 1, "content_type": 12, "object_id": "8", "object_repr": "8: Henny Penny Program", "action_flag": 1, "change_message": "[{\"added\": {}}]"}}, {"model": "admin.logentry", "pk": 154, "fields": {"action_time": "2018-02-07T00:39:31.910Z", "user": 1, "content_type": 12, "object_id": "8", "object_repr": "8: Henny Penny Program", "action_flag": 2, "change_message": "[]"}}, {"model": "admin.logentry", "pk": 155, "fields": {"action_time": "2018-02-07T00:39:39.955Z", "user": 1, "content_type": 12, "object_id": "8", "object_repr": "8: Henny Penny Program", "action_flag": 2, "change_message": "[]"}}, {"model": "admin.logentry", "pk": 156, "fields": {"action_time": "2018-02-07T00:42:55.591Z", "user": 1, "content_type": 11, "object_id": "11", "object_repr": "Henny Penny Program: gallery/_MG_0691.JPG", "action_flag": 1, "change_message": "[{\"added\": {}}]"}}, {"model": "admin.logentry", "pk": 157, "fields": {"action_time": "2018-02-07T00:44:30.033Z", "user": 1, "content_type": 11, "object_id": "12", "object_repr": "Henny Penny Program: gallery/IMG_1004.JPG", "action_flag": 1, "change_message": "[{\"added\": {}}]"}}, {"model": "admin.logentry", "pk": 158, "fields": {"action_time": "2018-02-07T00:48:22.357Z", "user": 1, "content_type": 11, "object_id": "13", "object_repr": "Henny Penny Program: gallery/IMG_0700.JPG", "action_flag": 1, "change_message": "[{\"added\": {}}]"}}, {"model": "admin.logentry", "pk": 159, "fields": {"action_time": "2018-02-07T01:30:06.822Z", "user": 1, "content_type": 17, "object_id": "15", "object_repr": "C3 Luca Rizzo", "action_flag": 3, "change_message": ""}}, {"model": "admin.logentry", "pk": 160, "fields": {"action_time": "2018-02-08T02:56:21.895Z", "user": 1, "content_type": 16, "object_id": "22", "object_repr": "Sam - Non-Teaching", "action_flag": 1, "change_message": "[{\"added\": {}}]"}}, {"model": "admin.logentry", "pk": 161, "fields": {"action_time": "2018-02-08T02:58:06.220Z", "user": 1, "content_type": 7, "object_id": "19", "object_repr": "2018-02-09: Swimming", "action_flag": 1, "change_message": "[{\"added\": {}}]"}}, {"model": "admin.logentry", "pk": 162, "fields": {"action_time": "2018-02-11T23:45:55.930Z", "user": 1, "content_type": 19, "object_id": "7", "object_repr": "C3 Jade Mihas : 2018 - term: 1, week: 1", "action_flag": 3, "change_message": ""}}, {"model": "admin.logentry", "pk": 163, "fields": {"action_time": "2018-02-13T22:40:53.425Z", "user": 1, "content_type": 14, "object_id": "1", "object_repr": "ASR/CPS_Annual_School_Report_-_2016_2.2MB.pdf", "action_flag": 1, "change_message": "[{\"added\": {}}]"}}, {"model": "admin.logentry", "pk": 164, "fields": {"action_time": "2018-02-13T22:41:16.032Z", "user": 1, "content_type": 14, "object_id": "2", "object_repr": "ASR/CPS_Annual_School_Report_-_2015_0.50MB.pdf", "action_flag": 1, "change_message": "[{\"added\": {}}]"}}, {"model": "admin.logentry", "pk": 165, "fields": {"action_time": "2018-02-13T22:42:00.642Z", "user": 1, "content_type": 14, "object_id": "3", "object_repr": "ASR/CPS_Annual_School_Report_-_2014_1.00MB.pdf", "action_flag": 1, "change_message": "[{\"added\": {}}]"}}, {"model": "admin.logentry", "pk": 166, "fields": {"action_time": "2018-02-13T22:42:38.506Z", "user": 1, "content_type": 14, "object_id": "4", "object_repr": "ASR/CPS_Annual_School_Report_-_2013_1.52MB.pdf", "action_flag": 1, "change_message": "[{\"added\": {}}]"}}, {"model": "admin.logentry", "pk": 167, "fields": {"action_time": "2018-02-13T22:42:51.569Z", "user": 1, "content_type": 14, "object_id": "5", "object_repr": "ASR/CPS_Annual_School_Report_-_2012_1.03MB.pdf", "action_flag": 1, "change_message": "[{\"added\": {}}]"}}, {"model": "admin.logentry", "pk": 168, "fields": {"action_time": "2018-02-13T22:43:46.763Z", "user": 1, "content_type": 14, "object_id": "6", "object_repr": "ASR/CPS_Annual_School_Report_-_2011_0.81MB.pdf", "action_flag": 1, "change_message": "[{\"added\": {}}]"}}, {"model": "admin.logentry", "pk": 169, "fields": {"action_time": "2018-02-13T22:43:57.341Z", "user": 1, "content_type": 14, "object_id": "7", "object_repr": "ASR/CPS_Annual_School_Report_-_2010_0.52MB.pdf", "action_flag": 1, "change_message": "[{\"added\": {}}]"}}, {"model": "admin.logentry", "pk": 170, "fields": {"action_time": "2018-02-13T22:49:40.363Z", "user": 1, "content_type": 8, "object_id": "2", "object_repr": "newsletters/Centennial_Park_School_Newsletter_-_2016_-_Term_4.pdf", "action_flag": 1, "change_message": "[{\"added\": {}}]"}}, {"model": "admin.logentry", "pk": 171, "fields": {"action_time": "2018-02-13T22:50:38.568Z", "user": 1, "content_type": 8, "object_id": "3", "object_repr": "newsletters/Centennial_Park_School_Newsletter_-_2016_-_Term_3.pdf", "action_flag": 1, "change_message": "[{\"added\": {}}]"}}, {"model": "admin.logentry", "pk": 172, "fields": {"action_time": "2018-02-13T22:52:02.581Z", "user": 1, "content_type": 8, "object_id": "4", "object_repr": "newsletters/Centennial_Park_School_Newsletter_-_2016_-_Term_2.pdf", "action_flag": 1, "change_message": "[{\"added\": {}}]"}}, {"model": "admin.logentry", "pk": 173, "fields": {"action_time": "2018-02-13T22:53:20.476Z", "user": 1, "content_type": 8, "object_id": "5", "object_repr": "newsletters/Centennial_Park_School_Newsletter_-_2016_-_Term_1.pdf", "action_flag": 1, "change_message": "[{\"added\": {}}]"}}, {"model": "admin.logentry", "pk": 174, "fields": {"action_time": "2018-02-13T22:55:45.629Z", "user": 1, "content_type": 8, "object_id": "6", "object_repr": "newsletters/Centennial_Park_School_Newsletter_-_2015_-_Term_4.pdf", "action_flag": 1, "change_message": "[{\"added\": {}}]"}}, {"model": "admin.logentry", "pk": 175, "fields": {"action_time": "2018-02-13T22:56:21.586Z", "user": 1, "content_type": 8, "object_id": "7", "object_repr": "newsletters/Centennial_Park_School_Newsletter_-_2015_-_Term_2.pdf", "action_flag": 1, "change_message": "[{\"added\": {}}]"}}, {"model": "admin.logentry", "pk": 176, "fields": {"action_time": "2018-02-13T22:57:23.796Z", "user": 1, "content_type": 8, "object_id": "8", "object_repr": "newsletters/Centennial_Park_School_Newsletter_-_2015_-_Term_1.pdf", "action_flag": 1, "change_message": "[{\"added\": {}}]"}}, {"model": "admin.logentry", "pk": 177, "fields": {"action_time": "2018-02-13T22:58:05.845Z", "user": 1, "content_type": 8, "object_id": "9", "object_repr": "newsletters/Centennial_Park_School_Newsletter_-_2014_-_Term_4.pdf", "action_flag": 1, "change_message": "[{\"added\": {}}]"}}, {"model": "admin.logentry", "pk": 178, "fields": {"action_time": "2018-02-13T23:02:05.050Z", "user": 1, "content_type": 8, "object_id": "10", "object_repr": "newsletters/Centennial_Park_School_Newsletter_-_2014_-_Term_3.pdf", "action_flag": 1, "change_message": "[{\"added\": {}}]"}}, {"model": "admin.logentry", "pk": 179, "fields": {"action_time": "2018-02-13T23:02:55.955Z", "user": 1, "content_type": 8, "object_id": "11", "object_repr": "newsletters/Centennial_Park_School_Newsletter_-_2014_-_Term_2.pdf", "action_flag": 1, "change_message": "[{\"added\": {}}]"}}, {"model": "admin.logentry", "pk": 180, "fields": {"action_time": "2018-02-20T23:38:28.456Z", "user": 1, "content_type": 16, "object_id": "23", "object_repr": "Sam Scheding - Non-Teaching", "action_flag": 1, "change_message": "[{\"added\": {}}]"}}, {"model": "admin.logentry", "pk": 181, "fields": {"action_time": "2018-02-20T23:38:50.660Z", "user": 1, "content_type": 16, "object_id": "22", "object_repr": "Sam - Non-Teaching", "action_flag": 3, "change_message": ""}}, {"model": "admin.logentry", "pk": 182, "fields": {"action_time": "2018-02-20T23:41:11.727Z", "user": 1, "content_type": 16, "object_id": "23", "object_repr": "Sam Scheding - Non-Teaching", "action_flag": 2, "change_message": "[{\"changed\": {\"fields\": [\"image\"]}}]"}}, {"model": "admin.logentry", "pk": 183, "fields": {"action_time": "2018-02-21T00:43:12.498Z", "user": 1, "content_type": 16, "object_id": "23", "object_repr": "Sam Scheding - Non-Teaching", "action_flag": 2, "change_message": "[{\"changed\": {\"fields\": [\"blurb\"]}}]"}}, {"model": "admin.logentry", "pk": 184, "fields": {"action_time": "2018-02-21T00:43:37.125Z", "user": 1, "content_type": 16, "object_id": "23", "object_repr": "Sam Scheding - Non-Teaching", "action_flag": 2, "change_message": "[{\"changed\": {\"fields\": [\"blurb\"]}}]"}}, {"model": "admin.logentry", "pk": 185, "fields": {"action_time": "2018-03-07T06:30:16.166Z", "user": 1, "content_type": 7, "object_id": "20", "object_repr": "2018-04-07: REELise Film Festival 2018", "action_flag": 1, "change_message": "[{\"added\": {}}]"}}]